STRUCTURE,STRUCTURE_ID,STRUCTURE_NAME,ACTION,FREQ,,ADJUSTMENT,,REF_AREA,,SECTOR,,COUNTERPART_SECTOR,,TRANSACTION,,INSTR_ASSET,,ACTIVITY,,EXPENDITURE,,UNIT_MEASURE,,PRICE_BASE,,TRANSFORMATION,,TABLE_IDENTIFIER,,TIME_PERIOD,,OBS_VALUE,,REF_YEAR_PRICE,,BASE_PER,,CONF_STATUS,,DECIMALS,,OBS_STATUS,,UNIT_MULT,,CURRENCY,
DATAFLOW,OECD.SDD.NAD:DSD_NAMAIN1@DF_QNA_EXPENDITURE_GROWTH_OECD(1.1),,I,Q,,Y,,DEU,,S1,,S1,,B1GQ,,_Z,,_Z,,_Z,,PC,,L,,G1,,T0102,,1991-Q2,,-0.480155175,,,,,,F,,1,,A,,0,,_Z,
DATAFLOW,OECD.SDD.NAD:DSD_NAMAIN1@DF_QNA_EXPENDITURE_GROWTH_OECD(1.1),,I,Q,,Y,,DEU,,S1,,S1,,B1GQ,,_Z,,_Z,,_Z,,PC,,L,,G1,,T0102,,1991-Q3,,-0.156095701,,,,,,F,,1,,A,,0,,_Z,
DATAFLOW,OECD.SDD.NAD:DSD_NAMAIN1@DF_QNA_EXPENDITURE_GROWTH_OECD(1.1),,I,Q,,Y,,DEU,,S1,,S1,,B1GQ,,_Z,,_Z,,_Z,,PC,,L,,G1,,T0102,,1991-Q4,,1.435471387,,,,,,F,,1,,A,,0,,_Z,
DATAFLOW,OECD.SDD.NAD:DSD_NAMAIN1@DF_QNA_EXPENDITURE_GROWTH_OECD(1.1),,I,Q,,Y,,DEU,,S1,,S1,,B1GQ,,_Z,,_Z,,_Z,,PC,,L,,G1,,T0102,,1992-Q1,,1.376711473,,,,,,F,,1,,A,,0,,_Z,
DATAFLOW,OECD.SDD.NAD:DSD_NAMAIN1@DF_QNA_EXPENDITURE_GROWTH_OECD(1.1),,I,Q,,Y,,DEU,,S1,,S1,,B1GQ,,_Z,,_Z,,_Z,,PC,,L,,G1,,T0102,,1992-Q2,,-0.621976503,,,,,,F,,1,,A,,0,,_Z,
DATAFLOW,OECD.SDD.NAD:DSD_NAMAIN1@DF_QNA_EXPENDITURE_GROWTH_OECD(1.1),,I,Q,,Y,,DEU,,S1,,S1,,B1GQ,,_Z,,_Z,,_Z,,PC,,L,,G1,,T0102,,1992-Q3,,-0.236441756,,,,,,F,,1,,A,,0,,_Z,
DATAFLOW,OECD.SDD.NAD:DSD_NAMAIN1@DF_QNA_EXPENDITURE_GROWTH_OECD(1.1),,I,Q,,Y,,DEU,,S1,,S1,,B1GQ,,_Z,,_Z,,_Z,,PC,,L,,G1,,T0102,,1992-Q4,,-0.27882014,,,,,,F,,1,,A,,0,,_Z,
DATAFLOW,OECD.SDD.NAD:DSD_NAMAIN1@DF_QNA_EXPENDITURE_GROWTH_OECD(1.1),,I,Q,,Y,,DEU,,S1,,S1,,B1GQ,,_Z,,_Z,,_Z,,PC,,L,,G1,,T0102,,1993-Q1,,-0.79338977,,,,,,F,,1,,A,,0,,_Z,
DATAFLOW,OECD.SDD.NAD:DSD_NAMAIN1@DF_QNA_EXPENDITURE_GROWTH_OECD(1.1),,I,Q,,Y,,DEU,,S1,,S1,,B1GQ,,_Z,,_Z,,_Z,,PC,,L,,G1,,T0102,,1993-Q2,,0.014098813,,,,,,F,,1,,A,,0,,_Z,
DATAFLOW,OECD.SDD.NAD:DSD_NAMAIN1@DF_QNA_EXPENDITURE_GROWTH_OECD(1.1),,I,Q,,Y,,DEU,,S1,,S1,,B1GQ,,_Z,,_Z,,_Z,,PC,,L,,G1,,T0102,,1993-Q3,,0.59179881,,,,,,F,,1,,A,,0,,_Z,
DATAFLOW,OECD.SDD.NAD:DSD_NAMAIN1@DF_QNA_EXPENDITURE_GROWTH_OECD(1.1),,I,Q,,Y,,DEU,,S1,,S1,,B1GQ,,_Z,,_Z,,_Z,,PC,,L,,G1,,T0102,,1993-Q4,,-0.084046004,,,,,,F,,1,,A,,0,,_Z,
DATAFLOW,OECD.SDD.NAD:DSD_NAMAIN1@DF_QNA_EXPENDITURE_GROWTH_OECD(1.1),,I,Q,,Y,,DEU,,S1,,S1,,B1GQ,,_Z,,_Z,,_Z,,PC,,L,,G1,,T0102,,1994-Q1,,1.412397778,,,,,,F,,1,,A,,0,,_Z,
DATAFLOW,OECD.SDD.NAD:DSD_NAMAIN1@DF_QNA_EXPENDITURE_GROWTH_OECD(1.1),,I,Q,,Y,,DEU,,S1,,S1,,B1GQ,,_Z,,_Z,,_Z,,PC,,L,,G1,,T0102,,1994-Q2,,0.552944395,,,,,,F,,1,,A,,0,,_Z,
DATAFLOW,OECD.SDD.NAD:DSD_NAMAIN1@DF_QNA_EXPENDITURE_GROWTH_OECD(1.1),,I,Q,,Y,,DEU,,S1,,S1,,B1GQ,,_Z,,_Z,,_Z,,PC,,L,,G1,,T0102,,1994-Q3,,0.591142689,,,,,,F,,1,,A,,0,,_Z,
DATAFLOW,OECD.SDD.NAD:DSD_NAMAIN1@DF_QNA_EXPENDITURE_GROWTH_OECD(1.1),,I,Q,,Y,,DEU,,S1,,S1,,B1GQ,,_Z,,_Z,,_Z,,PC,,L,,G1,,T0102,,1994-Q4,,1.10700661,,,,,,F,,1,,A,,0,,_Z,
DATAFLOW,OECD.SDD.NAD:DSD_NAMAIN1@DF_QNA_EXPENDITURE_GROWTH_OECD(1.1),,I,Q,,Y,,DEU,,S1,,S1,,B1GQ,,_Z,,_Z,,_Z,,PC,,L,,G1,,T0102,,1995-Q1,,-0.395358492,,,,,,F,,1,,A,,0,,_Z,
DATAFLOW,OECD.SDD.NAD:DSD_NAMAIN1@DF_QNA_EXPENDITURE_GROWTH_OECD(1.1),,I,Q,,Y,,DEU,,S1,,S1,,B1GQ,,_Z,,_Z,,_Z,,PC,,L,,G1,,T0102,,1995-Q2,,0.800659217,,,,,,F,,1,,A,,0,,_Z,
DATAFLOW,OECD.SDD.NAD:DSD_NAMAIN1@DF_QNA_EXPENDITURE_GROWTH_OECD(1.1),,I,Q,,Y,,DEU,,S1,,S1,,B1GQ,,_Z,,_Z,,_Z,,PC,,L,,G1,,T0102,,1995-Q3,,0.20193761,,,,,,F,,1,,A,,0,,_Z,
DATAFLOW,OECD.SDD.NAD:DSD_NAMAIN1@DF_QNA_EXPENDITURE_GROWTH_OECD(1.1),,I,Q,,Y,,DEU,,S1,,S1,,B1GQ,,_Z,,_Z,,_Z,,PC,,L,,G1,,T0102,,1995-Q4,,0.040307063,,,,,,F,,1,,A,,0,,_Z,
DATAFLOW,OECD.SDD.NAD:DSD_NAMAIN1@DF_QNA_EXPENDITURE_GROWTH_OECD(1.1),,I,Q,,Y,,DEU,,S1,,S1,,B1GQ,,_Z,,_Z,,_Z,,PC,,L,,G1,,T0102,,1996-Q1,,-0.711755762,,,,,,F,,1,,A,,0,,_Z,
DATAFLOW,OECD.SDD.NAD:DSD_NAMAIN1@DF_QNA_EXPENDITURE_GROWTH_OECD(1.1),,I,Q,,Y,,DEU,,S1,,S1,,B1GQ,,_Z,,_Z,,_Z,,PC,,L,,G1,,T0102,,1996-Q2,,1.366159114,,,,,,F,,1,,A,,0,,_Z,
DATAFLOW,OECD.SDD.NAD:DSD_NAMAIN1@DF_QNA_EXPENDITURE_GROWTH_OECD(1.1),,I,Q,,Y,,DEU,,S1,,S1,,B1GQ,,_Z,,_Z,,_Z,,PC,,L,,G1,,T0102,,1996-Q3,,0.386974906,,,,,,F,,1,,A,,0,,_Z,
DATAFLOW,OECD.SDD.NAD:DSD_NAMAIN1@DF_QNA_EXPENDITURE_GROWTH_OECD(1.1),,I,Q,,Y,,DEU,,S1,,S1,,B1GQ,,_Z,,_Z,,_Z,,PC,,L,,G1,,T0102,,1996-Q4,,0.917185186,,,,,,F,,1,,A,,0,,_Z,
DATAFLOW,OECD.SDD.NAD:DSD_NAMAIN1@DF_QNA_EXPENDITURE_GROWTH_OECD(1.1),,I,Q,,Y,,DEU,,S1,,S1,,B1GQ,,_Z,,_Z,,_Z,,PC,,L,,G1,,T0102,,1997-Q1,,-0.510379191,,,,,,F,,1,,A,,0,,_Z,
DATAFLOW,OECD.SDD.NAD:DSD_NAMAIN1@DF_QNA_EXPENDITURE_GROWTH_OECD(1.1),,I,Q,,Y,,DEU,,S1,,S1,,B1GQ,,_Z,,_Z,,_Z,,PC,,L,,G1,,T0102,,1997-Q2,,1.112140537,,,,,,F,,1,,A,,0,,_Z,
DATAFLOW,OECD.SDD.NAD:DSD_NAMAIN1@DF_QNA_EXPENDITURE_GROWTH_OECD(1.1),,I,Q,,Y,,DEU,,S1,,S1,,B1GQ,,_Z,,_Z,,_Z,,PC,,L,,G1,,T0102,,1997-Q3,,0.392818328,,,,,,F,,1,,A,,0,,_Z,
DATAFLOW,OECD.SDD.NAD:DSD_NAMAIN1@DF_QNA_EXPENDITURE_GROWTH_OECD(1.1),,I,Q,,Y,,DEU,,S1,,S1,,B1GQ,,_Z,,_Z,,_Z,,PC,,L,,G1,,T0102,,1997-Q4,,0.743448083,,,,,,F,,1,,A,,0,,_Z,
DATAFLOW,OECD.SDD.NAD:DSD_NAMAIN1@DF_QNA_EXPENDITURE_GROWTH_OECD(1.1),,I,Q,,Y,,DEU,,S1,,S1,,B1GQ,,_Z,,_Z,,_Z,,PC,,L,,G1,,T0102,,1998-Q1,,0.954809421,,,,,,F,,1,,A,,0,,_Z,
DATAFLOW,OECD.SDD.NAD:DSD_NAMAIN1@DF_QNA_EXPENDITURE_GROWTH_OECD(1.1),,I,Q,,Y,,DEU,,S1,,S1,,B1GQ,,_Z,,_Z,,_Z,,PC,,L,,G1,,T0102,,1998-Q2,,-0.461654134,,,,,,F,,1,,A,,0,,_Z,
DATAFLOW,OECD.SDD.NAD:DSD_NAMAIN1@DF_QNA_EXPENDITURE_GROWTH_OECD(1.1),,I,Q,,Y,,DEU,,S1,,S1,,B1GQ,,_Z,,_Z,,_Z,,PC,,L,,G1,,T0102,,1998-Q3,,0.48955727,,,,,,F,,1,,A,,0,,_Z,
DATAFLOW,OECD.SDD.NAD:DSD_NAMAIN1@DF_QNA_EXPENDITURE_GROWTH_OECD(1.1),,I,Q,,Y,,DEU,,S1,,S1,,B1GQ,,_Z,,_Z,,_Z,,PC,,L,,G1,,T0102,,1998-Q4,,-0.025630556,,,,,,F,,1,,A,,0,,_Z,
DATAFLOW,OECD.SDD.NAD:DSD_NAMAIN1@DF_QNA_EXPENDITURE_GROWTH_OECD(1.1),,I,Q,,Y,,DEU,,S1,,S1,,B1GQ,,_Z,,_Z,,_Z,,PC,,L,,G1,,T0102,,1999-Q1,,1.160574279,,,,,,F,,1,,A,,0,,_Z,
DATAFLOW,OECD.SDD.NAD:DSD_NAMAIN1@DF_QNA_EXPENDITURE_GROWTH_OECD(1.1),,I,Q,,Y,,DEU,,S1,,S1,,B1GQ,,_Z,,_Z,,_Z,,PC,,L,,G1,,T0102,,1999-Q2,,-0.126776732,,,,,,F,,1,,A,,0,,_Z,
DATAFLOW,OECD.SDD.NAD:DSD_NAMAIN1@DF_QNA_EXPENDITURE_GROWTH_OECD(1.1),,I,Q,,Y,,DEU,,S1,,S1,,B1GQ,,_Z,,_Z,,_Z,,PC,,L,,G1,,T0102,,1999-Q3,,1.370899359,,,,,,F,,1,,A,,0,,_Z,
DATAFLOW,OECD.SDD.NAD:DSD_NAMAIN1@DF_QNA_EXPENDITURE_GROWTH_OECD(1.1),,I,Q,,Y,,DEU,,S1,,S1,,B1GQ,,_Z,,_Z,,_Z,,PC,,L,,G1,,T0102,,1999-Q4,,0.475836049,,,,,,F,,1,,A,,0,,_Z,
DATAFLOW,OECD.SDD.NAD:DSD_NAMAIN1@DF_QNA_EXPENDITURE_GROWTH_OECD(1.1),,I,Q,,Y,,DEU,,S1,,S1,,B1GQ,,_Z,,_Z,,_Z,,PC,,L,,G1,,T0102,,2000-Q1,,1.542171588,,,,,,F,,1,,A,,0,,_Z,
DATAFLOW,OECD.SDD.NAD:DSD_NAMAIN1@DF_QNA_EXPENDITURE_GROWTH_OECD(1.1),,I,Q,,Y,,DEU,,S1,,S1,,B1GQ,,_Z,,_Z,,_Z,,PC,,L,,G1,,T0102,,2000-Q2,,0.79773608,,,,,,F,,1,,A,,0,,_Z,
DATAFLOW,OECD.SDD.NAD:DSD_NAMAIN1@DF_QNA_EXPENDITURE_GROWTH_OECD(1.1),,I,Q,,Y,,DEU,,S1,,S1,,B1GQ,,_Z,,_Z,,_Z,,PC,,L,,G1,,T0102,,2000-Q3,,0.073053787,,,,,,F,,1,,A,,0,,_Z,
DATAFLOW,OECD.SDD.NAD:DSD_NAMAIN1@DF_QNA_EXPENDITURE_GROWTH_OECD(1.1),,I,Q,,Y,,DEU,,S1,,S1,,B1GQ,,_Z,,_Z,,_Z,,PC,,L,,G1,,T0102,,2000-Q4,,-0.425835533,,,,,,F,,1,,A,,0,,_Z,
DATAFLOW,OECD.SDD.NAD:DSD_NAMAIN1@DF_QNA_EXPENDITURE_GROWTH_OECD(1.1),,I,Q,,Y,,DEU,,S1,,S1,,B1GQ,,_Z,,_Z,,_Z,,PC,,L,,G1,,T0102,,2001-Q1,,2.123035735,,,,,,F,,1,,A,,0,,_Z,
DATAFLOW,OECD.SDD.NAD:DSD_NAMAIN1@DF_QNA_EXPENDITURE_GROWTH_OECD(1.1),,I,Q,,Y,,DEU,,S1,,S1,,B1GQ,,_Z,,_Z,,_Z,,PC,,L,,G1,,T0102,,2001-Q2,,-0.251252999,,,,,,F,,1,,A,,0,,_Z,
DATAFLOW,OECD.SDD.NAD:DSD_NAMAIN1@DF_QNA_EXPENDITURE_GROWTH_OECD(1.1),,I,Q,,Y,,DEU,,S1,,S1,,B1GQ,,_Z,,_Z,,_Z,,PC,,L,,G1,,T0102,,2001-Q3,,-2.781E-06,,,,,,F,,1,,A,,0,,_Z,
DATAFLOW,OECD.SDD.NAD:DSD_NAMAIN1@DF_QNA_EXPENDITURE_GROWTH_OECD(1.1),,I,Q,,Y,,DEU,,S1,,S1,,B1GQ,,_Z,,_Z,,_Z,,PC,,L,,G1,,T0102,,2001-Q4,,-0.311859896,,,,,,F,,1,,A,,0,,_Z,
DATAFLOW,OECD.SDD.NAD:DSD_NAMAIN1@DF_QNA_EXPENDITURE_GROWTH_OECD(1.1),,I,Q,,Y,,DEU,,S1,,S1,,B1GQ,,_Z,,_Z,,_Z,,PC,,L,,G1,,T0102,,2002-Q1,,-0.466276767,,,,,,F,,1,,A,,0,,_Z,
DATAFLOW,OECD.SDD.NAD:DSD_NAMAIN1@DF_QNA_EXPENDITURE_GROWTH_OECD(1.1),,I,Q,,Y,,DEU,,S1,,S1,,B1GQ,,_Z,,_Z,,_Z,,PC,,L,,G1,,T0102,,2002-Q2,,0.386844956,,,,,,F,,1,,A,,0,,_Z,
DATAFLOW,OECD.SDD.NAD:DSD_NAMAIN1@DF_QNA_EXPENDITURE_GROWTH_OECD(1.1),,I,Q,,Y,,DEU,,S1,,S1,,B1GQ,,_Z,,_Z,,_Z,,PC,,L,,G1,,T0102,,2002-Q3,,0.686422348,,,,,,F,,1,,A,,0,,_Z,
DATAFLOW,OECD.SDD.NAD:DSD_NAMAIN1@DF_QNA_EXPENDITURE_GROWTH_OECD(1.1),,I,Q,,Y,,DEU,,S1,,S1,,B1GQ,,_Z,,_Z,,_Z,,PC,,L,,G1,,T0102,,2002-Q4,,-0.275088922,,,,,,F,,1,,A,,0,,_Z,
DATAFLOW,OECD.SDD.NAD:DSD_NAMAIN1@DF_QNA_EXPENDITURE_GROWTH_OECD(1.1),,I,Q,,Y,,DEU,,S1,,S1,,B1GQ,,_Z,,_Z,,_Z,,PC,,L,,G1,,T0102,,2003-Q1,,-1.358215602,,,,,,F,,1,,A,,0,,_Z,
DATAFLOW,OECD.SDD.NAD:DSD_NAMAIN1@DF_QNA_EXPENDITURE_GROWTH_OECD(1.1),,I,Q,,Y,,DEU,,S1,,S1,,B1GQ,,_Z,,_Z,,_Z,,PC,,L,,G1,,T0102,,2003-Q2,,0.145890344,,,,,,F,,1,,A,,0,,_Z,
DATAFLOW,OECD.SDD.NAD:DSD_NAMAIN1@DF_QNA_EXPENDITURE_GROWTH_OECD(1.1),,I,Q,,Y,,DEU,,S1,,S1,,B1GQ,,_Z,,_Z,,_Z,,PC,,L,,G1,,T0102,,2003-Q3,,0.910526444,,,,,,F,,1,,A,,0,,_Z,
DATAFLOW,OECD.SDD.NAD:DSD_NAMAIN1@DF_QNA_EXPENDITURE_GROWTH_OECD(1.1),,I,Q,,Y,,DEU,,S1,,S1,,B1GQ,,_Z,,_Z,,_Z,,PC,,L,,G1,,T0102,,2003-Q4,,0.120310227,,,,,,F,,1,,A,,0,,_Z,
DATAFLOW,OECD.SDD.NAD:DSD_NAMAIN1@DF_QNA_EXPENDITURE_GROWTH_OECD(1.1),,I,Q,,Y,,DEU,,S1,,S1,,B1GQ,,_Z,,_Z,,_Z,,PC,,L,,G1,,T0102,,2004-Q1,,-0.153198083,,,,,,F,,1,,A,,0,,_Z,
DATAFLOW,OECD.SDD.NAD:DSD_NAMAIN1@DF_QNA_EXPENDITURE_GROWTH_OECD(1.1),,I,Q,,Y,,DEU,,S1,,S1,,B1GQ,,_Z,,_Z,,_Z,,PC,,L,,G1,,T0102,,2004-Q2,,0.589723098,,,,,,F,,1,,A,,0,,_Z,
DATAFLOW,OECD.SDD.NAD:DSD_NAMAIN1@DF_QNA_EXPENDITURE_GROWTH_OECD(1.1),,I,Q,,Y,,DEU,,S1,,S1,,B1GQ,,_Z,,_Z,,_Z,,PC,,L,,G1,,T0102,,2004-Q3,,-0.323049886,,,,,,F,,1,,A,,0,,_Z,
DATAFLOW,OECD.SDD.NAD:DSD_NAMAIN1@DF_QNA_EXPENDITURE_GROWTH_OECD(1.1),,I,Q,,Y,,DEU,,S1,,S1,,B1GQ,,_Z,,_Z,,_Z,,PC,,L,,G1,,T0102,,2004-Q4,,-0.036002571,,,,,,F,,1,,A,,0,,_Z,
DATAFLOW,OECD.SDD.NAD:DSD_NAMAIN1@DF_QNA_EXPENDITURE_GROWTH_OECD(1.1),,I,Q,,Y,,DEU,,S1,,S1,,B1GQ,,_Z,,_Z,,_Z,,PC,,L,,G1,,T0102,,2005-Q1,,0.159071058,,,,,,F,,1,,A,,0,,_Z,
DATAFLOW,OECD.SDD.NAD:DSD_NAMAIN1@DF_QNA_EXPENDITURE_GROWTH_OECD(1.1),,I,Q,,Y,,DEU,,S1,,S1,,B1GQ,,_Z,,_Z,,_Z,,PC,,L,,G1,,T0102,,2005-Q2,,0.599443211,,,,,,F,,1,,A,,0,,_Z,
DATAFLOW,OECD.SDD.NAD:DSD_NAMAIN1@DF_QNA_EXPENDITURE_GROWTH_OECD(1.1),,I,Q,,Y,,DEU,,S1,,S1,,B1GQ,,_Z,,_Z,,_Z,,PC,,L,,G1,,T0102,,2005-Q3,,0.786560229,,,,,,F,,1,,A,,0,,_Z,
DATAFLOW,OECD.SDD.NAD:DSD_NAMAIN1@DF_QNA_EXPENDITURE_GROWTH_OECD(1.1),,I,Q,,Y,,DEU,,S1,,S1,,B1GQ,,_Z,,_Z,,_Z,,PC,,L,,G1,,T0102,,2005-Q4,,0.378386424,,,,,,F,,1,,A,,0,,_Z,
DATAFLOW,OECD.SDD.NAD:DSD_NAMAIN1@DF_QNA_EXPENDITURE_GROWTH_OECD(1.1),,I,Q,,Y,,DEU,,S1,,S1,,B1GQ,,_Z,,_Z,,_Z,,PC,,L,,G1,,T0102,,2006-Q1,,1.116089448,,,,,,F,,1,,A,,0,,_Z,
DATAFLOW,OECD.SDD.NAD:DSD_NAMAIN1@DF_QNA_EXPENDITURE_GROWTH_OECD(1.1),,I,Q,,Y,,DEU,,S1,,S1,,B1GQ,,_Z,,_Z,,_Z,,PC,,L,,G1,,T0102,,2006-Q2,,1.712491642,,,,,,F,,1,,A,,0,,_Z,
DATAFLOW,OECD.SDD.NAD:DSD_NAMAIN1@DF_QNA_EXPENDITURE_GROWTH_OECD(1.1),,I,Q,,Y,,DEU,,S1,,S1,,B1GQ,,_Z,,_Z,,_Z,,PC,,L,,G1,,T0102,,2006-Q3,,0.755928747,,,,,,F,,1,,A,,0,,_Z,
DATAFLOW,OECD.SDD.NAD:DSD_NAMAIN1@DF_QNA_EXPENDITURE_GROWTH_OECD(1.1),,I,Q,,Y,,DEU,,S1,,S1,,B1GQ,,_Z,,_Z,,_Z,,PC,,L,,G1,,T0102,,2006-Q4,,1.466404759,,,,,,F,,1,,A,,0,,_Z,
DATAFLOW,OECD.SDD.NAD:DSD_NAMAIN1@DF_QNA_EXPENDITURE_GROWTH_OECD(1.1),,I,Q,,Y,,DEU,,S1,,S1,,B1GQ,,_Z,,_Z,,_Z,,PC,,L,,G1,,T0102,,2007-Q1,,0.131657524,,,,,,F,,1,,A,,0,,_Z,
DATAFLOW,OECD.SDD.NAD:DSD_NAMAIN1@DF_QNA_EXPENDITURE_GROWTH_OECD(1.1),,I,Q,,Y,,DEU,,S1,,S1,,B1GQ,,_Z,,_Z,,_Z,,PC,,L,,G1,,T0102,,2007-Q2,,0.66011324,,,,,,F,,1,,A,,0,,_Z,
DATAFLOW,OECD.SDD.NAD:DSD_NAMAIN1@DF_QNA_EXPENDITURE_GROWTH_OECD(1.1),,I,Q,,Y,,DEU,,S1,,S1,,B1GQ,,_Z,,_Z,,_Z,,PC,,L,,G1,,T0102,,2007-Q3,,0.511279207,,,,,,F,,1,,A,,0,,_Z,
DATAFLOW,OECD.SDD.NAD:DSD_NAMAIN1@DF_QNA_EXPENDITURE_GROWTH_OECD(1.1),,I,Q,,Y,,DEU,,S1,,S1,,B1GQ,,_Z,,_Z,,_Z,,PC,,L,,G1,,T0102,,2007-Q4,,0.740906389,,,,,,F,,1,,A,,0,,_Z,
DATAFLOW,OECD.SDD.NAD:DSD_NAMAIN1@DF_QNA_EXPENDITURE_GROWTH_OECD(1.1),,I,Q,,Y,,DEU,,S1,,S1,,B1GQ,,_Z,,_Z,,_Z,,PC,,L,,G1,,T0102,,2008-Q1,,0.587332888,,,,,,F,,1,,A,,0,,_Z,
DATAFLOW,OECD.SDD.NAD:DSD_NAMAIN1@DF_QNA_EXPENDITURE_GROWTH_OECD(1.1),,I,Q,,Y,,DEU,,S1,,S1,,B1GQ,,_Z,,_Z,,_Z,,PC,,L,,G1,,T0102,,2008-Q2,,-0.36014123,,,,,,F,,1,,A,,0,,_Z,
DATAFLOW,OECD.SDD.NAD:DSD_NAMAIN1@DF_QNA_EXPENDITURE_GROWTH_OECD(1.1),,I,Q,,Y,,DEU,,S1,,S1,,B1GQ,,_Z,,_Z,,_Z,,PC,,L,,G1,,T0102,,2008-Q3,,-0.547642734,,,,,,F,,1,,A,,0,,_Z,
DATAFLOW,OECD.SDD.NAD:DSD_NAMAIN1@DF_QNA_EXPENDITURE_GROWTH_OECD(1.1),,I,Q,,Y,,DEU,,S1,,S1,,B1GQ,,_Z,,_Z,,_Z,,PC,,L,,G1,,T0102,,2008-Q4,,-1.552860447,,,,,,F,,1,,A,,0,,_Z,
DATAFLOW,OECD.SDD.NAD:DSD_NAMAIN1@DF_QNA_EXPENDITURE_GROWTH_OECD(1.1),,I,Q,,Y,,DEU,,S1,,S1,,B1GQ,,_Z,,_Z,,_Z,,PC,,L,,G1,,T0102,,2009-Q1,,-4.687181288,,,,,,F,,1,,A,,0,,_Z,
DATAFLOW,OECD.SDD.NAD:DSD_NAMAIN1@DF_QNA_EXPENDITURE_GROWTH_OECD(1.1),,I,Q,,Y,,DEU,,S1,,S1,,B1GQ,,_Z,,_Z,,_Z,,PC,,L,,G1,,T0102,,2009-Q2,,0.246481493,,,,,,F,,1,,A,,0,,_Z,
DATAFLOW,OECD.SDD.NAD:DSD_NAMAIN1@DF_QNA_EXPENDITURE_GROWTH_OECD(1.1),,I,Q,,Y,,DEU,,S1,,S1,,B1GQ,,_Z,,_Z,,_Z,,PC,,L,,G1,,T0102,,2009-Q3,,0.620537968,,,,,,F,,1,,A,,0,,_Z,
DATAFLOW,OECD.SDD.NAD:DSD_NAMAIN1@DF_QNA_EXPENDITURE_GROWTH_OECD(1.1),,I,Q,,Y,,DEU,,S1,,S1,,B1GQ,,_Z,,_Z,,_Z,,PC,,L,,G1,,T0102,,2009-Q4,,0.767975768,,,,,,F,,1,,A,,0,,_Z,
DATAFLOW,OECD.SDD.NAD:DSD_NAMAIN1@DF_QNA_EXPENDITURE_GROWTH_OECD(1.1),,I,Q,,Y,,DEU,,S1,,S1,,B1GQ,,_Z,,_Z,,_Z,,PC,,L,,G1,,T0102,,2010-Q1,,0.727375281,,,,,,F,,1,,A,,0,,_Z,
DATAFLOW,OECD.SDD.NAD:DSD_NAMAIN1@DF_QNA_EXPENDITURE_GROWTH_OECD(1.1),,I,Q,,Y,,DEU,,S1,,S1,,B1GQ,,_Z,,_Z,,_Z,,PC,,L,,G1,,T0102,,2010-Q2,,2.166683151,,,,,,F,,1,,A,,0,,_Z,
DATAFLOW,OECD.SDD.NAD:DSD_NAMAIN1@DF_QNA_EXPENDITURE_GROWTH_OECD(1.1),,I,Q,,Y,,DEU,,S1,,S1,,B1GQ,,_Z,,_Z,,_Z,,PC,,L,,G1,,T0102,,2010-Q3,,0.96498893,,,,,,F,,1,,A,,0,,_Z,
DATAFLOW,OECD.SDD.NAD:DSD_NAMAIN1@DF_QNA_EXPENDITURE_GROWTH_OECD(1.1),,I,Q,,Y,,DEU,,S1,,S1,,B1GQ,,_Z,,_Z,,_Z,,PC,,L,,G1,,T0102,,2010-Q4,,0.655701956,,,,,,F,,1,,A,,0,,_Z,
DATAFLOW,OECD.SDD.NAD:DSD_NAMAIN1@DF_QNA_EXPENDITURE_GROWTH_OECD(1.1),,I,Q,,Y,,DEU,,S1,,S1,,B1GQ,,_Z,,_Z,,_Z,,PC,,L,,G1,,T0102,,2011-Q1,,1.807904098,,,,,,F,,1,,A,,0,,_Z,
DATAFLOW,OECD.SDD.NAD:DSD_NAMAIN1@DF_QNA_EXPENDITURE_GROWTH_OECD(1.1),,I,Q,,Y,,DEU,,S1,,S1,,B1GQ,,_Z,,_Z,,_Z,,PC,,L,,G1,,T0102,,2011-Q2,,0.271119001,,,,,,F,,1,,A,,0,,_Z,
DATAFLOW,OECD.SDD.NAD:DSD_NAMAIN1@DF_QNA_EXPENDITURE_GROWTH_OECD(1.1),,I,Q,,Y,,DEU,,S1,,S1,,B1GQ,,_Z,,_Z,,_Z,,PC,,L,,G1,,T0102,,2011-Q3,,0.540774374,,,,,,F,,1,,A,,0,,_Z,
DATAFLOW,OECD.SDD.NAD:DSD_NAMAIN1@DF_QNA_EXPENDITURE_GROWTH_OECD(1.1),,I,Q,,Y,,DEU,,S1,,S1,,B1GQ,,_Z,,_Z,,_Z,,PC,,L,,G1,,T0102,,2011-Q4,,-0.010757564,,,,,,F,,1,,A,,0,,_Z,
DATAFLOW,OECD.SDD.NAD:DSD_NAMAIN1@DF_QNA_EXPENDITURE_GROWTH_OECD(1.1),,I,Q,,Y,,DEU,,S1,,S1,,B1GQ,,_Z,,_Z,,_Z,,PC,,L,,G1,,T0102,,2012-Q1,,0.212478201,,,,,,F,,1,,A,,0,,_Z,
DATAFLOW,OECD.SDD.NAD:DSD_NAMAIN1@DF_QNA_EXPENDITURE_GROWTH_OECD(1.1),,I,Q,,Y,,DEU,,S1,,S1,,B1GQ,,_Z,,_Z,,_Z,,PC,,L,,G1,,T0102,,2012-Q2,,0.1073591,,,,,,F,,1,,A,,0,,_Z,
DATAFLOW,OECD.SDD.NAD:DSD_NAMAIN1@DF_QNA_EXPENDITURE_GROWTH_OECD(1.1),,I,Q,,Y,,DEU,,S1,,S1,,B1GQ,,_Z,,_Z,,_Z,,PC,,L,,G1,,T0102,,2012-Q3,,0.203749857,,,,,,F,,1,,A,,0,,_Z,
DATAFLOW,OECD.SDD.NAD:DSD_NAMAIN1@DF_QNA_EXPENDITURE_GROWTH_OECD(1.1),,I,Q,,Y,,DEU,,S1,,S1,,B1GQ,,_Z,,_Z,,_Z,,PC,,L,,G1,,T0102,,2012-Q4,,-0.299656388,,,,,,F,,1,,A,,0,,_Z,
DATAFLOW,OECD.SDD.NAD:DSD_NAMAIN1@DF_QNA_EXPENDITURE_GROWTH_OECD(1.1),,I,Q,,Y,,DEU,,S1,,S1,,B1GQ,,_Z,,_Z,,_Z,,PC,,L,,G1,,T0102,,2013-Q1,,-0.552864262,,,,,,F,,1,,A,,0,,_Z,
DATAFLOW,OECD.SDD.NAD:DSD_NAMAIN1@DF_QNA_EXPENDITURE_GROWTH_OECD(1.1),,I,Q,,Y,,DEU,,S1,,S1,,B1GQ,,_Z,,_Z,,_Z,,PC,,L,,G1,,T0102,,2013-Q2,,1.165809078,,,,,,F,,1,,A,,0,,_Z,
DATAFLOW,OECD.SDD.NAD:DSD_NAMAIN1@DF_QNA_EXPENDITURE_GROWTH_OECD(1.1),,I,Q,,Y,,DEU,,S1,,S1,,B1GQ,,_Z,,_Z,,_Z,,PC,,L,,G1,,T0102,,2013-Q3,,0.512162087,,,,,,F,,1,,A,,0,,_Z,
DATAFLOW,OECD.SDD.NAD:DSD_NAMAIN1@DF_QNA_EXPENDITURE_GROWTH_OECD(1.1),,I,Q,,Y,,DEU,,S1,,S1,,B1GQ,,_Z,,_Z,,_Z,,PC,,L,,G1,,T0102,,2013-Q4,,0.148614514,,,,,,F,,1,,A,,0,,_Z,
DATAFLOW,OECD.SDD.NAD:DSD_NAMAIN1@DF_QNA_EXPENDITURE_GROWTH_OECD(1.1),,I,Q,,Y,,DEU,,S1,,S1,,B1GQ,,_Z,,_Z,,_Z,,PC,,L,,G1,,T0102,,2014-Q1,,1.044065802,,,,,,F,,1,,A,,0,,_Z,
DATAFLOW,OECD.SDD.NAD:DSD_NAMAIN1@DF_QNA_EXPENDITURE_GROWTH_OECD(1.1),,I,Q,,Y,,DEU,,S1,,S1,,B1GQ,,_Z,,_Z,,_Z,,PC,,L,,G1,,T0102,,1991-Q1,,2.729544879,,,,,,F,,1,,A,,0,,_Z,
DATAFLOW,OECD.SDD.NAD:DSD_NAMAIN1@DF_QNA_EXPENDITURE_GROWTH_OECD(1.1),,I,Q,,Y,,DEU,,S1,,S1,,B1GQ,,_Z,,_Z,,_Z,,PC,,L,,G1,,T0102,,2014-Q2,,-0.020983221,,,,,,F,,1,,A,,0,,_Z,
DATAFLOW,OECD.SDD.NAD:DSD_NAMAIN1@DF_QNA_EXPENDITURE_GROWTH_OECD(1.1),,I,Q,,Y,,DEU,,S1,,S1,,B1GQ,,_Z,,_Z,,_Z,,PC,,L,,G1,,T0102,,2014-Q3,,0.556083267,,,,,,F,,1,,A,,0,,_Z,
DATAFLOW,OECD.SDD.NAD:DSD_NAMAIN1@DF_QNA_EXPENDITURE_GROWTH_OECD(1.1),,I,Q,,Y,,DEU,,S1,,S1,,B1GQ,,_Z,,_Z,,_Z,,PC,,L,,G1,,T0102,,2014-Q4,,0.76168499,,,,,,F,,1,,A,,0,,_Z,
DATAFLOW,OECD.SDD.NAD:DSD_NAMAIN1@DF_QNA_EXPENDITURE_GROWTH_OECD(1.1),,I,Q,,Y,,DEU,,S1,,S1,,B1GQ,,_Z,,_Z,,_Z,,PC,,L,,G1,,T0102,,2015-Q1,,-0.217414344,,,,,,F,,1,,A,,0,,_Z,
DATAFLOW,OECD.SDD.NAD:DSD_NAMAIN1@DF_QNA_EXPENDITURE_GROWTH_OECD(1.1),,I,Q,,Y,,DEU,,S1,,S1,,B1GQ,,_Z,,_Z,,_Z,,PC,,L,,G1,,T0102,,2015-Q2,,0.518879177,,,,,,F,,1,,A,,0,,_Z,
DATAFLOW,OECD.SDD.NAD:DSD_NAMAIN1@DF_QNA_EXPENDITURE_GROWTH_OECD(1.1),,I,Q,,Y,,DEU,,S1,,S1,,B1GQ,,_Z,,_Z,,_Z,,PC,,L,,G1,,T0102,,2015-Q3,,0.536865646,,,,,,F,,1,,A,,0,,_Z,
DATAFLOW,OECD.SDD.NAD:DSD_NAMAIN1@DF_QNA_EXPENDITURE_GROWTH_OECD(1.1),,I,Q,,Y,,DEU,,S1,,S1,,B1GQ,,_Z,,_Z,,_Z,,PC,,L,,G1,,T0102,,2015-Q4,,0.513444213,,,,,,F,,1,,A,,0,,_Z,
DATAFLOW,OECD.SDD.NAD:DSD_NAMAIN1@DF_QNA_EXPENDITURE_GROWTH_OECD(1.1),,I,Q,,Y,,DEU,,S1,,S1,,B1GQ,,_Z,,_Z,,_Z,,PC,,L,,G1,,T0102,,2016-Q1,,0.878685293,,,,,,F,,1,,A,,0,,_Z,
DATAFLOW,OECD.SDD.NAD:DSD_NAMAIN1@DF_QNA_EXPENDITURE_GROWTH_OECD(1.1),,I,Q,,Y,,DEU,,S1,,S1,,B1GQ,,_Z,,_Z,,_Z,,PC,,L,,G1,,T0102,,2016-Q2,,0.222802888,,,,,,F,,1,,A,,0,,_Z,
DATAFLOW,OECD.SDD.NAD:DSD_NAMAIN1@DF_QNA_EXPENDITURE_GROWTH_OECD(1.1),,I,Q,,Y,,DEU,,S1,,S1,,B1GQ,,_Z,,_Z,,_Z,,PC,,L,,G1,,T0102,,2016-Q3,,0.35368132,,,,,,F,,1,,A,,0,,_Z,
DATAFLOW,OECD.SDD.NAD:DSD_NAMAIN1@DF_QNA_EXPENDITURE_GROWTH_OECD(1.1),,I,Q,,Y,,DEU,,S1,,S1,,B1GQ,,_Z,,_Z,,_Z,,PC,,L,,G1,,T0102,,2016-Q4,,0.463197453,,,,,,F,,1,,A,,0,,_Z,
DATAFLOW,OECD.SDD.NAD:DSD_NAMAIN1@DF_QNA_EXPENDITURE_GROWTH_OECD(1.1),,I,Q,,Y,,DEU,,S1,,S1,,B1GQ,,_Z,,_Z,,_Z,,PC,,L,,G1,,T0102,,2017-Q1,,1.297998769,,,,,,F,,1,,A,,0,,_Z,
DATAFLOW,OECD.SDD.NAD:DSD_NAMAIN1@DF_QNA_EXPENDITURE_GROWTH_OECD(1.1),,I,Q,,Y,,DEU,,S1,,S1,,B1GQ,,_Z,,_Z,,_Z,,PC,,L,,G1,,T0102,,2017-Q2,,0.712455197,,,,,,F,,1,,A,,0,,_Z,
DATAFLOW,OECD.SDD.NAD:DSD_NAMAIN1@DF_QNA_EXPENDITURE_GROWTH_OECD(1.1),,I,Q,,Y,,DEU,,S1,,S1,,B1GQ,,_Z,,_Z,,_Z,,PC,,L,,G1,,T0102,,2017-Q3,,0.795825138,,,,,,F,,1,,A,,0,,_Z,
DATAFLOW,OECD.SDD.NAD:DSD_NAMAIN1@DF_QNA_EXPENDITURE_GROWTH_OECD(1.1),,I,Q,,Y,,DEU,,S1,,S1,,B1GQ,,_Z,,_Z,,_Z,,PC,,L,,G1,,T0102,,2017-Q4,,1.013747312,,,,,,F,,1,,A,,0,,_Z,
DATAFLOW,OECD.SDD.NAD:DSD_NAMAIN1@DF_QNA_EXPENDITURE_GROWTH_OECD(1.1),,I,Q,,Y,,DEU,,S1,,S1,,B1GQ,,_Z,,_Z,,_Z,,PC,,L,,G1,,T0102,,2018-Q1,,-0.552463687,,,,,,F,,1,,A,,0,,_Z,
DATAFLOW,OECD.SDD.NAD:DSD_NAMAIN1@DF_QNA_EXPENDITURE_GROWTH_OECD(1.1),,I,Q,,Y,,DEU,,S1,,S1,,B1GQ,,_Z,,_Z,,_Z,,PC,,L,,G1,,T0102,,2018-Q2,,0.78595128,,,,,,F,,1,,A,,0,,_Z,
DATAFLOW,OECD.SDD.NAD:DSD_NAMAIN1@DF_QNA_EXPENDITURE_GROWTH_OECD(1.1),,I,Q,,Y,,DEU,,S1,,S1,,B1GQ,,_Z,,_Z,,_Z,,PC,,L,,G1,,T0102,,2018-Q3,,-0.654674072,,,,,,F,,1,,A,,0,,_Z,
DATAFLOW,OECD.SDD.NAD:DSD_NAMAIN1@DF_QNA_EXPENDITURE_GROWTH_OECD(1.1),,I,Q,,Y,,DEU,,S1,,S1,,B1GQ,,_Z,,_Z,,_Z,,PC,,L,,G1,,T0102,,2018-Q4,,0.445787754,,,,,,F,,1,,A,,0,,_Z,
DATAFLOW,OECD.SDD.NAD:DSD_NAMAIN1@DF_QNA_EXPENDITURE_GROWTH_OECD(1.1),,I,Q,,Y,,DEU,,S1,,S1,,B1GQ,,_Z,,_Z,,_Z,,PC,,L,,G1,,T0102,,2019-Q1,,0.656051344,,,,,,F,,1,,A,,0,,_Z,
DATAFLOW,OECD.SDD.NAD:DSD_NAMAIN1@DF_QNA_EXPENDITURE_GROWTH_OECD(1.1),,I,Q,,Y,,DEU,,S1,,S1,,B1GQ,,_Z,,_Z,,_Z,,PC,,L,,G1,,T0102,,2019-Q2,,0.057511159,,,,,,F,,1,,A,,0,,_Z,
DATAFLOW,OECD.SDD.NAD:DSD_NAMAIN1@DF_QNA_EXPENDITURE_GROWTH_OECD(1.1),,I,Q,,Y,,DEU,,S1,,S1,,B1GQ,,_Z,,_Z,,_Z,,PC,,L,,G1,,T0102,,2019-Q3,,0.383184023,,,,,,F,,1,,A,,0,,_Z,
DATAFLOW,OECD.SDD.NAD:DSD_NAMAIN1@DF_QNA_EXPENDITURE_GROWTH_OECD(1.1),,I,Q,,Y,,DEU,,S1,,S1,,B1GQ,,_Z,,_Z,,_Z,,PC,,L,,G1,,T0102,,2019-Q4,,-0.334001322,,,,,,F,,1,,A,,0,,_Z,
DATAFLOW,OECD.SDD.NAD:DSD_NAMAIN1@DF_QNA_EXPENDITURE_GROWTH_OECD(1.1),,I,Q,,Y,,DEU,,S1,,S1,,B1GQ,,_Z,,_Z,,_Z,,PC,,L,,G1,,T0102,,2020-Q1,,-2.029880629,,,,,,F,,1,,A,,0,,_Z,
DATAFLOW,OECD.SDD.NAD:DSD_NAMAIN1@DF_QNA_EXPENDITURE_GROWTH_OECD(1.1),,I,Q,,Y,,DEU,,S1,,S1,,B1GQ,,_Z,,_Z,,_Z,,PC,,L,,G1,,T0102,,2020-Q2,,-8.874121348,,,,,,F,,1,,A,,0,,_Z,
DATAFLOW,OECD.SDD.NAD:DSD_NAMAIN1@DF_QNA_EXPENDITURE_GROWTH_OECD(1.1),,I,Q,,Y,,DEU,,S1,,S1,,B1GQ,,_Z,,_Z,,_Z,,PC,,L,,G1,,T0102,,2020-Q3,,8.676539989,,,,,,F,,1,,A,,0,,_Z,
DATAFLOW,OECD.SDD.NAD:DSD_NAMAIN1@DF_QNA_EXPENDITURE_GROWTH_OECD(1.1),,I,Q,,Y,,DEU,,S1,,S1,,B1GQ,,_Z,,_Z,,_Z,,PC,,L,,G1,,T0102,,2020-Q4,,0.967136602,,,,,,F,,1,,A,,0,,_Z,
DATAFLOW,OECD.SDD.NAD:DSD_NAMAIN1@DF_QNA_EXPENDITURE_GROWTH_OECD(1.1),,I,Q,,Y,,DEU,,S1,,S1,,B1GQ,,_Z,,_Z,,_Z,,PC,,L,,G1,,T0102,,2021-Q1,,-0.61577059,,,,,,F,,1,,A,,0,,_Z,
DATAFLOW,OECD.SDD.NAD:DSD_NAMAIN1@DF_QNA_EXPENDITURE_GROWTH_OECD(1.1),,I,Q,,Y,,DEU,,S1,,S1,,B1GQ,,_Z,,_Z,,_Z,,PC,,L,,G1,,T0102,,2021-Q2,,2.35050875,,,,,,F,,1,,A,,0,,_Z,
DATAFLOW,OECD.SDD.NAD:DSD_NAMAIN1@DF_QNA_EXPENDITURE_GROWTH_OECD(1.1),,I,Q,,Y,,DEU,,S1,,S1,,B1GQ,,_Z,,_Z,,_Z,,PC,,L,,G1,,T0102,,2021-Q3,,0.0864778,,,,,,F,,1,,A,,0,,_Z,
DATAFLOW,OECD.SDD.NAD:DSD_NAMAIN1@DF_QNA_EXPENDITURE_GROWTH_OECD(1.1),,I,Q,,Y,,DEU,,S1,,S1,,B1GQ,,_Z,,_Z,,_Z,,PC,,L,,G1,,T0102,,2021-Q4,,0.537633511,,,,,,F,,1,,A,,0,,_Z,
DATAFLOW,OECD.SDD.NAD:DSD_NAMAIN1@DF_QNA_EXPENDITURE_GROWTH_OECD(1.1),,I,Q,,Y,,DEU,,S1,,S1,,B1GQ,,_Z,,_Z,,_Z,,PC,,L,,GY,,T0102,,1991-Q1,,7.26431578,,,,,,F,,1,,A,,0,,_Z,
DATAFLOW,OECD.SDD.NAD:DSD_NAMAIN1@DF_QNA_EXPENDITURE_GROWTH_OECD(1.1),,I,Q,,Y,,DEU,,S1,,S1,,B1GQ,,_Z,,_Z,,_Z,,PC,,L,,GY,,T0102,,1991-Q2,,6.227004836,,,,,,F,,1,,A,,0,,_Z,
DATAFLOW,OECD.SDD.NAD:DSD_NAMAIN1@DF_QNA_EXPENDITURE_GROWTH_OECD(1.1),,I,Q,,Y,,DEU,,S1,,S1,,B1GQ,,_Z,,_Z,,_Z,,PC,,L,,GY,,T0102,,1991-Q3,,3.87367696,,,,,,F,,1,,A,,0,,_Z,
DATAFLOW,OECD.SDD.NAD:DSD_NAMAIN1@DF_QNA_EXPENDITURE_GROWTH_OECD(1.1),,I,Q,,Y,,DEU,,S1,,S1,,B1GQ,,_Z,,_Z,,_Z,,PC,,L,,GY,,T0102,,1991-Q4,,3.541978991,,,,,,F,,1,,A,,0,,_Z,
DATAFLOW,OECD.SDD.NAD:DSD_NAMAIN1@DF_QNA_EXPENDITURE_GROWTH_OECD(1.1),,I,Q,,Y,,DEU,,S1,,S1,,B1GQ,,_Z,,_Z,,_Z,,PC,,L,,GY,,T0102,,2014-Q2,,1.691167879,,,,,,F,,1,,A,,0,,_Z,
DATAFLOW,OECD.SDD.NAD:DSD_NAMAIN1@DF_QNA_EXPENDITURE_GROWTH_OECD(1.1),,I,Q,,Y,,DEU,,S1,,S1,,B1GQ,,_Z,,_Z,,_Z,,PC,,L,,GY,,T0102,,2014-Q3,,1.735604253,,,,,,F,,1,,A,,0,,_Z,
DATAFLOW,OECD.SDD.NAD:DSD_NAMAIN1@DF_QNA_EXPENDITURE_GROWTH_OECD(1.1),,I,Q,,Y,,DEU,,S1,,S1,,B1GQ,,_Z,,_Z,,_Z,,PC,,L,,GY,,T0102,,2014-Q4,,2.358389657,,,,,,F,,1,,A,,0,,_Z,
DATAFLOW,OECD.SDD.NAD:DSD_NAMAIN1@DF_QNA_EXPENDITURE_GROWTH_OECD(1.1),,I,Q,,Y,,DEU,,S1,,S1,,B1GQ,,_Z,,_Z,,_Z,,PC,,L,,GY,,T0102,,2015-Q1,,1.080500893,,,,,,F,,1,,A,,0,,_Z,
DATAFLOW,OECD.SDD.NAD:DSD_NAMAIN1@DF_QNA_EXPENDITURE_GROWTH_OECD(1.1),,I,Q,,Y,,DEU,,S1,,S1,,B1GQ,,_Z,,_Z,,_Z,,PC,,L,,GY,,T0102,,2015-Q2,,1.626311038,,,,,,F,,1,,A,,0,,_Z,
DATAFLOW,OECD.SDD.NAD:DSD_NAMAIN1@DF_QNA_EXPENDITURE_GROWTH_OECD(1.1),,I,Q,,Y,,DEU,,S1,,S1,,B1GQ,,_Z,,_Z,,_Z,,PC,,L,,GY,,T0102,,2015-Q3,,1.606888883,,,,,,F,,1,,A,,0,,_Z,
DATAFLOW,OECD.SDD.NAD:DSD_NAMAIN1@DF_QNA_EXPENDITURE_GROWTH_OECD(1.1),,I,Q,,Y,,DEU,,S1,,S1,,B1GQ,,_Z,,_Z,,_Z,,PC,,L,,GY,,T0102,,2015-Q4,,1.356565826,,,,,,F,,1,,A,,0,,_Z,
DATAFLOW,OECD.SDD.NAD:DSD_NAMAIN1@DF_QNA_EXPENDITURE_GROWTH_OECD(1.1),,I,Q,,Y,,DEU,,S1,,S1,,B1GQ,,_Z,,_Z,,_Z,,PC,,L,,GY,,T0102,,2016-Q1,,2.469955445,,,,,,F,,1,,A,,0,,_Z,
DATAFLOW,OECD.SDD.NAD:DSD_NAMAIN1@DF_QNA_EXPENDITURE_GROWTH_OECD(1.1),,I,Q,,Y,,DEU,,S1,,S1,,B1GQ,,_Z,,_Z,,_Z,,PC,,L,,GY,,T0102,,2016-Q2,,2.1681323,,,,,,F,,1,,A,,0,,_Z,
DATAFLOW,OECD.SDD.NAD:DSD_NAMAIN1@DF_QNA_EXPENDITURE_GROWTH_OECD(1.1),,I,Q,,Y,,DEU,,S1,,S1,,B1GQ,,_Z,,_Z,,_Z,,PC,,L,,GY,,T0102,,2016-Q3,,1.981975706,,,,,,F,,1,,A,,0,,_Z,
DATAFLOW,OECD.SDD.NAD:DSD_NAMAIN1@DF_QNA_EXPENDITURE_GROWTH_OECD(1.1),,I,Q,,Y,,DEU,,S1,,S1,,B1GQ,,_Z,,_Z,,_Z,,PC,,L,,GY,,T0102,,2016-Q4,,1.930994825,,,,,,F,,1,,A,,0,,_Z,
DATAFLOW,OECD.SDD.NAD:DSD_NAMAIN1@DF_QNA_EXPENDITURE_GROWTH_OECD(1.1),,I,Q,,Y,,DEU,,S1,,S1,,B1GQ,,_Z,,_Z,,_Z,,PC,,L,,GY,,T0102,,2017-Q1,,2.354682343,,,,,,F,,1,,A,,0,,_Z,
DATAFLOW,OECD.SDD.NAD:DSD_NAMAIN1@DF_QNA_EXPENDITURE_GROWTH_OECD(1.1),,I,Q,,Y,,DEU,,S1,,S1,,B1GQ,,_Z,,_Z,,_Z,,PC,,L,,GY,,T0102,,2017-Q2,,2.854750243,,,,,,F,,1,,A,,0,,_Z,
DATAFLOW,OECD.SDD.NAD:DSD_NAMAIN1@DF_QNA_EXPENDITURE_GROWTH_OECD(1.1),,I,Q,,Y,,DEU,,S1,,S1,,B1GQ,,_Z,,_Z,,_Z,,PC,,L,,GY,,T0102,,2017-Q3,,3.307913409,,,,,,F,,1,,A,,0,,_Z,
DATAFLOW,OECD.SDD.NAD:DSD_NAMAIN1@DF_QNA_EXPENDITURE_GROWTH_OECD(1.1),,I,Q,,Y,,DEU,,S1,,S1,,B1GQ,,_Z,,_Z,,_Z,,PC,,L,,GY,,T0102,,2017-Q4,,3.874052638,,,,,,F,,1,,A,,0,,_Z,
DATAFLOW,OECD.SDD.NAD:DSD_NAMAIN1@DF_QNA_EXPENDITURE_GROWTH_OECD(1.1),,I,Q,,Y,,DEU,,S1,,S1,,B1GQ,,_Z,,_Z,,_Z,,PC,,L,,GY,,T0102,,2018-Q1,,1.976532086,,,,,,F,,1,,A,,0,,_Z,
DATAFLOW,OECD.SDD.NAD:DSD_NAMAIN1@DF_QNA_EXPENDITURE_GROWTH_OECD(1.1),,I,Q,,Y,,DEU,,S1,,S1,,B1GQ,,_Z,,_Z,,_Z,,PC,,L,,GY,,T0102,,2018-Q2,,2.050950644,,,,,,F,,1,,A,,0,,_Z,
DATAFLOW,OECD.SDD.NAD:DSD_NAMAIN1@DF_QNA_EXPENDITURE_GROWTH_OECD(1.1),,I,Q,,Y,,DEU,,S1,,S1,,B1GQ,,_Z,,_Z,,_Z,,PC,,L,,GY,,T0102,,2018-Q3,,0.582389589,,,,,,F,,1,,A,,0,,_Z,
DATAFLOW,OECD.SDD.NAD:DSD_NAMAIN1@DF_QNA_EXPENDITURE_GROWTH_OECD(1.1),,I,Q,,Y,,DEU,,S1,,S1,,B1GQ,,_Z,,_Z,,_Z,,PC,,L,,GY,,T0102,,2018-Q4,,0.016855382,,,,,,F,,1,,A,,0,,_Z,
DATAFLOW,OECD.SDD.NAD:DSD_NAMAIN1@DF_QNA_EXPENDITURE_GROWTH_OECD(1.1),,I,Q,,Y,,DEU,,S1,,S1,,B1GQ,,_Z,,_Z,,_Z,,PC,,L,,GY,,T0102,,2019-Q1,,1.232288942,,,,,,F,,1,,A,,0,,_Z,
DATAFLOW,OECD.SDD.NAD:DSD_NAMAIN1@DF_QNA_EXPENDITURE_GROWTH_OECD(1.1),,I,Q,,Y,,DEU,,S1,,S1,,B1GQ,,_Z,,_Z,,_Z,,PC,,L,,GY,,T0102,,2019-Q2,,0.500622873,,,,,,F,,1,,A,,0,,_Z,
DATAFLOW,OECD.SDD.NAD:DSD_NAMAIN1@DF_QNA_EXPENDITURE_GROWTH_OECD(1.1),,I,Q,,Y,,DEU,,S1,,S1,,B1GQ,,_Z,,_Z,,_Z,,PC,,L,,GY,,T0102,,2019-Q3,,1.550550325,,,,,,F,,1,,A,,0,,_Z,
DATAFLOW,OECD.SDD.NAD:DSD_NAMAIN1@DF_QNA_EXPENDITURE_GROWTH_OECD(1.1),,I,Q,,Y,,DEU,,S1,,S1,,B1GQ,,_Z,,_Z,,_Z,,PC,,L,,GY,,T0102,,2019-Q4,,0.762184665,,,,,,F,,1,,A,,0,,_Z,
DATAFLOW,OECD.SDD.NAD:DSD_NAMAIN1@DF_QNA_EXPENDITURE_GROWTH_OECD(1.1),,I,Q,,Y,,DEU,,S1,,S1,,B1GQ,,_Z,,_Z,,_Z,,PC,,L,,GY,,T0102,,2020-Q1,,-1.926579398,,,,,,F,,1,,A,,0,,_Z,
DATAFLOW,OECD.SDD.NAD:DSD_NAMAIN1@DF_QNA_EXPENDITURE_GROWTH_OECD(1.1),,I,Q,,Y,,DEU,,S1,,S1,,B1GQ,,_Z,,_Z,,_Z,,PC,,L,,GY,,T0102,,2020-Q2,,-10.681102085,,,,,,F,,1,,A,,0,,_Z,
DATAFLOW,OECD.SDD.NAD:DSD_NAMAIN1@DF_QNA_EXPENDITURE_GROWTH_OECD(1.1),,I,Q,,Y,,DEU,,S1,,S1,,B1GQ,,_Z,,_Z,,_Z,,PC,,L,,GY,,T0102,,2020-Q3,,-3.301844074,,,,,,F,,1,,A,,0,,_Z,
DATAFLOW,OECD.SDD.NAD:DSD_NAMAIN1@DF_QNA_EXPENDITURE_GROWTH_OECD(1.1),,I,Q,,Y,,DEU,,S1,,S1,,B1GQ,,_Z,,_Z,,_Z,,PC,,L,,GY,,T0102,,2020-Q4,,-2.039451287,,,,,,F,,1,,A,,0,,_Z,
DATAFLOW,OECD.SDD.NAD:DSD_NAMAIN1@DF_QNA_EXPENDITURE_GROWTH_OECD(1.1),,I,Q,,Y,,DEU,,S1,,S1,,B1GQ,,_Z,,_Z,,_Z,,PC,,L,,GY,,T0102,,2021-Q1,,-0.625479392,,,,,,F,,1,,A,,0,,_Z,
DATAFLOW,OECD.SDD.NAD:DSD_NAMAIN1@DF_QNA_EXPENDITURE_GROWTH_OECD(1.1),,I,Q,,Y,,DEU,,S1,,S1,,B1GQ,,_Z,,_Z,,_Z,,PC,,L,,GY,,T0102,,2021-Q2,,11.615195283,,,,,,F,,1,,A,,0,,_Z,
DATAFLOW,OECD.SDD.NAD:DSD_NAMAIN1@DF_QNA_EXPENDITURE_GROWTH_OECD(1.1),,I,Q,,Y,,DEU,,S1,,S1,,B1GQ,,_Z,,_Z,,_Z,,PC,,L,,GY,,T0102,,2021-Q3,,2.792854519,,,,,,F,,1,,A,,0,,_Z,
DATAFLOW,OECD.SDD.NAD:DSD_NAMAIN1@DF_QNA_EXPENDITURE_GROWTH_OECD(1.1),,I,Q,,Y,,DEU,,S1,,S1,,B1GQ,,_Z,,_Z,,_Z,,PC,,L,,GY,,T0102,,2021-Q4,,2.355585026,,,,,,F,,1,,A,,0,,_Z,
DATAFLOW,OECD.SDD.NAD:DSD_NAMAIN1@DF_QNA_EXPENDITURE_GROWTH_OECD(1.1),,I,Q,,Y,,DEU,,S1,,S1,,B1GQ,,_Z,,_Z,,_Z,,PC,,L,,GY,,T0102,,1992-Q1,,2.178446735,,,,,,F,,1,,A,,0,,_Z,
DATAFLOW,OECD.SDD.NAD:DSD_NAMAIN1@DF_QNA_EXPENDITURE_GROWTH_OECD(1.1),,I,Q,,Y,,DEU,,S1,,S1,,B1GQ,,_Z,,_Z,,_Z,,PC,,L,,GY,,T0102,,1992-Q2,,2.03283675,,,,,,F,,1,,A,,0,,_Z,
DATAFLOW,OECD.SDD.NAD:DSD_NAMAIN1@DF_QNA_EXPENDITURE_GROWTH_OECD(1.1),,I,Q,,Y,,DEU,,S1,,S1,,B1GQ,,_Z,,_Z,,_Z,,PC,,L,,GY,,T0102,,1992-Q3,,1.950729224,,,,,,F,,1,,A,,0,,_Z,
DATAFLOW,OECD.SDD.NAD:DSD_NAMAIN1@DF_QNA_EXPENDITURE_GROWTH_OECD(1.1),,I,Q,,Y,,DEU,,S1,,S1,,B1GQ,,_Z,,_Z,,_Z,,PC,,L,,GY,,T0102,,1992-Q4,,0.227729677,,,,,,F,,1,,A,,0,,_Z,
DATAFLOW,OECD.SDD.NAD:DSD_NAMAIN1@DF_QNA_EXPENDITURE_GROWTH_OECD(1.1),,I,Q,,Y,,DEU,,S1,,S1,,B1GQ,,_Z,,_Z,,_Z,,PC,,L,,GY,,T0102,,1993-Q1,,-1.917776105,,,,,,F,,1,,A,,0,,_Z,
DATAFLOW,OECD.SDD.NAD:DSD_NAMAIN1@DF_QNA_EXPENDITURE_GROWTH_OECD(1.1),,I,Q,,Y,,DEU,,S1,,S1,,B1GQ,,_Z,,_Z,,_Z,,PC,,L,,GY,,T0102,,1993-Q2,,-1.289994637,,,,,,F,,1,,A,,0,,_Z,
DATAFLOW,OECD.SDD.NAD:DSD_NAMAIN1@DF_QNA_EXPENDITURE_GROWTH_OECD(1.1),,I,Q,,Y,,DEU,,S1,,S1,,B1GQ,,_Z,,_Z,,_Z,,PC,,L,,GY,,T0102,,1993-Q3,,-0.470500703,,,,,,F,,1,,A,,0,,_Z,
DATAFLOW,OECD.SDD.NAD:DSD_NAMAIN1@DF_QNA_EXPENDITURE_GROWTH_OECD(1.1),,I,Q,,Y,,DEU,,S1,,S1,,B1GQ,,_Z,,_Z,,_Z,,PC,,L,,GY,,T0102,,1993-Q4,,-0.276100956,,,,,,F,,1,,A,,0,,_Z,
DATAFLOW,OECD.SDD.NAD:DSD_NAMAIN1@DF_QNA_EXPENDITURE_GROWTH_OECD(1.1),,I,Q,,Y,,DEU,,S1,,S1,,B1GQ,,_Z,,_Z,,_Z,,PC,,L,,GY,,T0102,,1994-Q1,,1.941188136,,,,,,F,,1,,A,,0,,_Z,
DATAFLOW,OECD.SDD.NAD:DSD_NAMAIN1@DF_QNA_EXPENDITURE_GROWTH_OECD(1.1),,I,Q,,Y,,DEU,,S1,,S1,,B1GQ,,_Z,,_Z,,_Z,,PC,,L,,GY,,T0102,,1994-Q2,,2.49041629,,,,,,F,,1,,A,,0,,_Z,
DATAFLOW,OECD.SDD.NAD:DSD_NAMAIN1@DF_QNA_EXPENDITURE_GROWTH_OECD(1.1),,I,Q,,Y,,DEU,,S1,,S1,,B1GQ,,_Z,,_Z,,_Z,,PC,,L,,GY,,T0102,,1994-Q3,,2.489747786,,,,,,F,,1,,A,,0,,_Z,
DATAFLOW,OECD.SDD.NAD:DSD_NAMAIN1@DF_QNA_EXPENDITURE_GROWTH_OECD(1.1),,I,Q,,Y,,DEU,,S1,,S1,,B1GQ,,_Z,,_Z,,_Z,,PC,,L,,GY,,T0102,,1994-Q4,,3.711481423,,,,,,F,,1,,A,,0,,_Z,
DATAFLOW,OECD.SDD.NAD:DSD_NAMAIN1@DF_QNA_EXPENDITURE_GROWTH_OECD(1.1),,I,Q,,Y,,DEU,,S1,,S1,,B1GQ,,_Z,,_Z,,_Z,,PC,,L,,GY,,T0102,,1995-Q1,,1.862742168,,,,,,F,,1,,A,,0,,_Z,
DATAFLOW,OECD.SDD.NAD:DSD_NAMAIN1@DF_QNA_EXPENDITURE_GROWTH_OECD(1.1),,I,Q,,Y,,DEU,,S1,,S1,,B1GQ,,_Z,,_Z,,_Z,,PC,,L,,GY,,T0102,,1995-Q2,,2.113683711,,,,,,F,,1,,A,,0,,_Z,
DATAFLOW,OECD.SDD.NAD:DSD_NAMAIN1@DF_QNA_EXPENDITURE_GROWTH_OECD(1.1),,I,Q,,Y,,DEU,,S1,,S1,,B1GQ,,_Z,,_Z,,_Z,,PC,,L,,GY,,T0102,,1995-Q3,,1.718587649,,,,,,F,,1,,A,,0,,_Z,
DATAFLOW,OECD.SDD.NAD:DSD_NAMAIN1@DF_QNA_EXPENDITURE_GROWTH_OECD(1.1),,I,Q,,Y,,DEU,,S1,,S1,,B1GQ,,_Z,,_Z,,_Z,,PC,,L,,GY,,T0102,,1995-Q4,,0.645435798,,,,,,F,,1,,A,,0,,_Z,
DATAFLOW,OECD.SDD.NAD:DSD_NAMAIN1@DF_QNA_EXPENDITURE_GROWTH_OECD(1.1),,I,Q,,Y,,DEU,,S1,,S1,,B1GQ,,_Z,,_Z,,_Z,,PC,,L,,GY,,T0102,,1996-Q1,,0.325732412,,,,,,F,,1,,A,,0,,_Z,
DATAFLOW,OECD.SDD.NAD:DSD_NAMAIN1@DF_QNA_EXPENDITURE_GROWTH_OECD(1.1),,I,Q,,Y,,DEU,,S1,,S1,,B1GQ,,_Z,,_Z,,_Z,,PC,,L,,GY,,T0102,,1996-Q2,,0.888567931,,,,,,F,,1,,A,,0,,_Z,
DATAFLOW,OECD.SDD.NAD:DSD_NAMAIN1@DF_QNA_EXPENDITURE_GROWTH_OECD(1.1),,I,Q,,Y,,DEU,,S1,,S1,,B1GQ,,_Z,,_Z,,_Z,,PC,,L,,GY,,T0102,,1996-Q3,,1.074873189,,,,,,F,,1,,A,,0,,_Z,
DATAFLOW,OECD.SDD.NAD:DSD_NAMAIN1@DF_QNA_EXPENDITURE_GROWTH_OECD(1.1),,I,Q,,Y,,DEU,,S1,,S1,,B1GQ,,_Z,,_Z,,_Z,,PC,,L,,GY,,T0102,,1996-Q4,,1.960819541,,,,,,F,,1,,A,,0,,_Z,
DATAFLOW,OECD.SDD.NAD:DSD_NAMAIN1@DF_QNA_EXPENDITURE_GROWTH_OECD(1.1),,I,Q,,Y,,DEU,,S1,,S1,,B1GQ,,_Z,,_Z,,_Z,,PC,,L,,GY,,T0102,,1997-Q1,,2.167616632,,,,,,F,,1,,A,,0,,_Z,
DATAFLOW,OECD.SDD.NAD:DSD_NAMAIN1@DF_QNA_EXPENDITURE_GROWTH_OECD(1.1),,I,Q,,Y,,DEU,,S1,,S1,,B1GQ,,_Z,,_Z,,_Z,,PC,,L,,GY,,T0102,,1997-Q2,,1.911589642,,,,,,F,,1,,A,,0,,_Z,
DATAFLOW,OECD.SDD.NAD:DSD_NAMAIN1@DF_QNA_EXPENDITURE_GROWTH_OECD(1.1),,I,Q,,Y,,DEU,,S1,,S1,,B1GQ,,_Z,,_Z,,_Z,,PC,,L,,GY,,T0102,,1997-Q3,,1.917521811,,,,,,F,,1,,A,,0,,_Z,
DATAFLOW,OECD.SDD.NAD:DSD_NAMAIN1@DF_QNA_EXPENDITURE_GROWTH_OECD(1.1),,I,Q,,Y,,DEU,,S1,,S1,,B1GQ,,_Z,,_Z,,_Z,,PC,,L,,GY,,T0102,,1997-Q4,,1.742062547,,,,,,F,,1,,A,,0,,_Z,
DATAFLOW,OECD.SDD.NAD:DSD_NAMAIN1@DF_QNA_EXPENDITURE_GROWTH_OECD(1.1),,I,Q,,Y,,DEU,,S1,,S1,,B1GQ,,_Z,,_Z,,_Z,,PC,,L,,GY,,T0102,,1998-Q1,,3.240422981,,,,,,F,,1,,A,,0,,_Z,
DATAFLOW,OECD.SDD.NAD:DSD_NAMAIN1@DF_QNA_EXPENDITURE_GROWTH_OECD(1.1),,I,Q,,Y,,DEU,,S1,,S1,,B1GQ,,_Z,,_Z,,_Z,,PC,,L,,GY,,T0102,,1998-Q2,,1.633501927,,,,,,F,,1,,A,,0,,_Z,
DATAFLOW,OECD.SDD.NAD:DSD_NAMAIN1@DF_QNA_EXPENDITURE_GROWTH_OECD(1.1),,I,Q,,Y,,DEU,,S1,,S1,,B1GQ,,_Z,,_Z,,_Z,,PC,,L,,GY,,T0102,,1998-Q3,,1.731436397,,,,,,F,,1,,A,,0,,_Z,
DATAFLOW,OECD.SDD.NAD:DSD_NAMAIN1@DF_QNA_EXPENDITURE_GROWTH_OECD(1.1),,I,Q,,Y,,DEU,,S1,,S1,,B1GQ,,_Z,,_Z,,_Z,,PC,,L,,GY,,T0102,,1998-Q4,,0.954815424,,,,,,F,,1,,A,,0,,_Z,
DATAFLOW,OECD.SDD.NAD:DSD_NAMAIN1@DF_QNA_EXPENDITURE_GROWTH_OECD(1.1),,I,Q,,Y,,DEU,,S1,,S1,,B1GQ,,_Z,,_Z,,_Z,,PC,,L,,GY,,T0102,,1999-Q1,,1.160580294,,,,,,F,,1,,A,,0,,_Z,
DATAFLOW,OECD.SDD.NAD:DSD_NAMAIN1@DF_QNA_EXPENDITURE_GROWTH_OECD(1.1),,I,Q,,Y,,DEU,,S1,,S1,,B1GQ,,_Z,,_Z,,_Z,,PC,,L,,GY,,T0102,,1999-Q2,,1.500915388,,,,,,F,,1,,A,,0,,_Z,
DATAFLOW,OECD.SDD.NAD:DSD_NAMAIN1@DF_QNA_EXPENDITURE_GROWTH_OECD(1.1),,I,Q,,Y,,DEU,,S1,,S1,,B1GQ,,_Z,,_Z,,_Z,,PC,,L,,GY,,T0102,,1999-Q3,,2.391127577,,,,,,F,,1,,A,,0,,_Z,
DATAFLOW,OECD.SDD.NAD:DSD_NAMAIN1@DF_QNA_EXPENDITURE_GROWTH_OECD(1.1),,I,Q,,Y,,DEU,,S1,,S1,,B1GQ,,_Z,,_Z,,_Z,,PC,,L,,GY,,T0102,,1999-Q4,,2.904716524,,,,,,F,,1,,A,,0,,_Z,
DATAFLOW,OECD.SDD.NAD:DSD_NAMAIN1@DF_QNA_EXPENDITURE_GROWTH_OECD(1.1),,I,Q,,Y,,DEU,,S1,,S1,,B1GQ,,_Z,,_Z,,_Z,,PC,,L,,GY,,T0102,,2000-Q1,,3.292893076,,,,,,F,,1,,A,,0,,_Z,
DATAFLOW,OECD.SDD.NAD:DSD_NAMAIN1@DF_QNA_EXPENDITURE_GROWTH_OECD(1.1),,I,Q,,Y,,DEU,,S1,,S1,,B1GQ,,_Z,,_Z,,_Z,,PC,,L,,GY,,T0102,,2000-Q2,,4.249061305,,,,,,F,,1,,A,,0,,_Z,
DATAFLOW,OECD.SDD.NAD:DSD_NAMAIN1@DF_QNA_EXPENDITURE_GROWTH_OECD(1.1),,I,Q,,Y,,DEU,,S1,,S1,,B1GQ,,_Z,,_Z,,_Z,,PC,,L,,GY,,T0102,,2000-Q3,,2.914366798,,,,,,F,,1,,A,,0,,_Z,
DATAFLOW,OECD.SDD.NAD:DSD_NAMAIN1@DF_QNA_EXPENDITURE_GROWTH_OECD(1.1),,I,Q,,Y,,DEU,,S1,,S1,,B1GQ,,_Z,,_Z,,_Z,,PC,,L,,GY,,T0102,,2000-Q4,,1.990811807,,,,,,F,,1,,A,,0,,_Z,
DATAFLOW,OECD.SDD.NAD:DSD_NAMAIN1@DF_QNA_EXPENDITURE_GROWTH_OECD(1.1),,I,Q,,Y,,DEU,,S1,,S1,,B1GQ,,_Z,,_Z,,_Z,,PC,,L,,GY,,T0102,,2001-Q1,,2.574242365,,,,,,F,,1,,A,,0,,_Z,
DATAFLOW,OECD.SDD.NAD:DSD_NAMAIN1@DF_QNA_EXPENDITURE_GROWTH_OECD(1.1),,I,Q,,Y,,DEU,,S1,,S1,,B1GQ,,_Z,,_Z,,_Z,,PC,,L,,GY,,T0102,,2001-Q2,,1.506765414,,,,,,F,,1,,A,,0,,_Z,
DATAFLOW,OECD.SDD.NAD:DSD_NAMAIN1@DF_QNA_EXPENDITURE_GROWTH_OECD(1.1),,I,Q,,Y,,DEU,,S1,,S1,,B1GQ,,_Z,,_Z,,_Z,,PC,,L,,GY,,T0102,,2001-Q3,,1.43266219,,,,,,F,,1,,A,,0,,_Z,
DATAFLOW,OECD.SDD.NAD:DSD_NAMAIN1@DF_QNA_EXPENDITURE_GROWTH_OECD(1.1),,I,Q,,Y,,DEU,,S1,,S1,,B1GQ,,_Z,,_Z,,_Z,,PC,,L,,GY,,T0102,,2001-Q4,,1.548765121,,,,,,F,,1,,A,,0,,_Z,
DATAFLOW,OECD.SDD.NAD:DSD_NAMAIN1@DF_QNA_EXPENDITURE_GROWTH_OECD(1.1),,I,Q,,Y,,DEU,,S1,,S1,,B1GQ,,_Z,,_Z,,_Z,,PC,,L,,GY,,T0102,,2002-Q1,,-1.025986846,,,,,,F,,1,,A,,0,,_Z,
DATAFLOW,OECD.SDD.NAD:DSD_NAMAIN1@DF_QNA_EXPENDITURE_GROWTH_OECD(1.1),,I,Q,,Y,,DEU,,S1,,S1,,B1GQ,,_Z,,_Z,,_Z,,PC,,L,,GY,,T0102,,2002-Q2,,-0.392844903,,,,,,F,,1,,A,,0,,_Z,
DATAFLOW,OECD.SDD.NAD:DSD_NAMAIN1@DF_QNA_EXPENDITURE_GROWTH_OECD(1.1),,I,Q,,Y,,DEU,,S1,,S1,,B1GQ,,_Z,,_Z,,_Z,,PC,,L,,GY,,T0102,,2002-Q3,,0.290883658,,,,,,F,,1,,A,,0,,_Z,
DATAFLOW,OECD.SDD.NAD:DSD_NAMAIN1@DF_QNA_EXPENDITURE_GROWTH_OECD(1.1),,I,Q,,Y,,DEU,,S1,,S1,,B1GQ,,_Z,,_Z,,_Z,,PC,,L,,GY,,T0102,,2002-Q4,,0.327876961,,,,,,F,,1,,A,,0,,_Z,
DATAFLOW,OECD.SDD.NAD:DSD_NAMAIN1@DF_QNA_EXPENDITURE_GROWTH_OECD(1.1),,I,Q,,Y,,DEU,,S1,,S1,,B1GQ,,_Z,,_Z,,_Z,,PC,,L,,GY,,T0102,,2003-Q1,,-0.571178422,,,,,,F,,1,,A,,0,,_Z,
DATAFLOW,OECD.SDD.NAD:DSD_NAMAIN1@DF_QNA_EXPENDITURE_GROWTH_OECD(1.1),,I,Q,,Y,,DEU,,S1,,S1,,B1GQ,,_Z,,_Z,,_Z,,PC,,L,,GY,,T0102,,2003-Q2,,-0.809833529,,,,,,F,,1,,A,,0,,_Z,
DATAFLOW,OECD.SDD.NAD:DSD_NAMAIN1@DF_QNA_EXPENDITURE_GROWTH_OECD(1.1),,I,Q,,Y,,DEU,,S1,,S1,,B1GQ,,_Z,,_Z,,_Z,,PC,,L,,GY,,T0102,,2003-Q3,,-0.589059744,,,,,,F,,1,,A,,0,,_Z,
DATAFLOW,OECD.SDD.NAD:DSD_NAMAIN1@DF_QNA_EXPENDITURE_GROWTH_OECD(1.1),,I,Q,,Y,,DEU,,S1,,S1,,B1GQ,,_Z,,_Z,,_Z,,PC,,L,,GY,,T0102,,2003-Q4,,-0.194905457,,,,,,F,,1,,A,,0,,_Z,
DATAFLOW,OECD.SDD.NAD:DSD_NAMAIN1@DF_QNA_EXPENDITURE_GROWTH_OECD(1.1),,I,Q,,Y,,DEU,,S1,,S1,,B1GQ,,_Z,,_Z,,_Z,,PC,,L,,GY,,T0102,,2004-Q1,,1.024323171,,,,,,F,,1,,A,,0,,_Z,
DATAFLOW,OECD.SDD.NAD:DSD_NAMAIN1@DF_QNA_EXPENDITURE_GROWTH_OECD(1.1),,I,Q,,Y,,DEU,,S1,,S1,,B1GQ,,_Z,,_Z,,_Z,,PC,,L,,GY,,T0102,,2004-Q2,,1.472049018,,,,,,F,,1,,A,,0,,_Z,
DATAFLOW,OECD.SDD.NAD:DSD_NAMAIN1@DF_QNA_EXPENDITURE_GROWTH_OECD(1.1),,I,Q,,Y,,DEU,,S1,,S1,,B1GQ,,_Z,,_Z,,_Z,,PC,,L,,GY,,T0102,,2004-Q3,,0.23160838,,,,,,F,,1,,A,,0,,_Z,
DATAFLOW,OECD.SDD.NAD:DSD_NAMAIN1@DF_QNA_EXPENDITURE_GROWTH_OECD(1.1),,I,Q,,Y,,DEU,,S1,,S1,,B1GQ,,_Z,,_Z,,_Z,,PC,,L,,GY,,T0102,,2004-Q4,,0.075121817,,,,,,F,,1,,A,,0,,_Z,
DATAFLOW,OECD.SDD.NAD:DSD_NAMAIN1@DF_QNA_EXPENDITURE_GROWTH_OECD(1.1),,I,Q,,Y,,DEU,,S1,,S1,,B1GQ,,_Z,,_Z,,_Z,,PC,,L,,GY,,T0102,,2005-Q1,,0.388105025,,,,,,F,,1,,A,,0,,_Z,
DATAFLOW,OECD.SDD.NAD:DSD_NAMAIN1@DF_QNA_EXPENDITURE_GROWTH_OECD(1.1),,I,Q,,Y,,DEU,,S1,,S1,,B1GQ,,_Z,,_Z,,_Z,,PC,,L,,GY,,T0102,,2005-Q2,,0.397805655,,,,,,F,,1,,A,,0,,_Z,
DATAFLOW,OECD.SDD.NAD:DSD_NAMAIN1@DF_QNA_EXPENDITURE_GROWTH_OECD(1.1),,I,Q,,Y,,DEU,,S1,,S1,,B1GQ,,_Z,,_Z,,_Z,,PC,,L,,GY,,T0102,,2005-Q3,,1.515440379,,,,,,F,,1,,A,,0,,_Z,
DATAFLOW,OECD.SDD.NAD:DSD_NAMAIN1@DF_QNA_EXPENDITURE_GROWTH_OECD(1.1),,I,Q,,Y,,DEU,,S1,,S1,,B1GQ,,_Z,,_Z,,_Z,,PC,,L,,GY,,T0102,,2005-Q4,,1.936260698,,,,,,F,,1,,A,,0,,_Z,
DATAFLOW,OECD.SDD.NAD:DSD_NAMAIN1@DF_QNA_EXPENDITURE_GROWTH_OECD(1.1),,I,Q,,Y,,DEU,,S1,,S1,,B1GQ,,_Z,,_Z,,_Z,,PC,,L,,GY,,T0102,,2006-Q1,,2.910260107,,,,,,F,,1,,A,,0,,_Z,
DATAFLOW,OECD.SDD.NAD:DSD_NAMAIN1@DF_QNA_EXPENDITURE_GROWTH_OECD(1.1),,I,Q,,Y,,DEU,,S1,,S1,,B1GQ,,_Z,,_Z,,_Z,,PC,,L,,GY,,T0102,,2006-Q2,,4.048875788,,,,,,F,,1,,A,,0,,_Z,
DATAFLOW,OECD.SDD.NAD:DSD_NAMAIN1@DF_QNA_EXPENDITURE_GROWTH_OECD(1.1),,I,Q,,Y,,DEU,,S1,,S1,,B1GQ,,_Z,,_Z,,_Z,,PC,,L,,GY,,T0102,,2006-Q3,,4.01725281,,,,,,F,,1,,A,,0,,_Z,
DATAFLOW,OECD.SDD.NAD:DSD_NAMAIN1@DF_QNA_EXPENDITURE_GROWTH_OECD(1.1),,I,Q,,Y,,DEU,,S1,,S1,,B1GQ,,_Z,,_Z,,_Z,,PC,,L,,GY,,T0102,,2006-Q4,,5.144713435,,,,,,F,,1,,A,,0,,_Z,
DATAFLOW,OECD.SDD.NAD:DSD_NAMAIN1@DF_QNA_EXPENDITURE_GROWTH_OECD(1.1),,I,Q,,Y,,DEU,,S1,,S1,,B1GQ,,_Z,,_Z,,_Z,,PC,,L,,GY,,T0102,,2007-Q1,,4.121060196,,,,,,F,,1,,A,,0,,_Z,
DATAFLOW,OECD.SDD.NAD:DSD_NAMAIN1@DF_QNA_EXPENDITURE_GROWTH_OECD(1.1),,I,Q,,Y,,DEU,,S1,,S1,,B1GQ,,_Z,,_Z,,_Z,,PC,,L,,GY,,T0102,,2007-Q2,,3.0437613,,,,,,F,,1,,A,,0,,_Z,
DATAFLOW,OECD.SDD.NAD:DSD_NAMAIN1@DF_QNA_EXPENDITURE_GROWTH_OECD(1.1),,I,Q,,Y,,DEU,,S1,,S1,,B1GQ,,_Z,,_Z,,_Z,,PC,,L,,GY,,T0102,,2007-Q3,,2.793556581,,,,,,F,,1,,A,,0,,_Z,
DATAFLOW,OECD.SDD.NAD:DSD_NAMAIN1@DF_QNA_EXPENDITURE_GROWTH_OECD(1.1),,I,Q,,Y,,DEU,,S1,,S1,,B1GQ,,_Z,,_Z,,_Z,,PC,,L,,GY,,T0102,,2007-Q4,,2.058568898,,,,,,F,,1,,A,,0,,_Z,
DATAFLOW,OECD.SDD.NAD:DSD_NAMAIN1@DF_QNA_EXPENDITURE_GROWTH_OECD(1.1),,I,Q,,Y,,DEU,,S1,,S1,,B1GQ,,_Z,,_Z,,_Z,,PC,,L,,GY,,T0102,,2008-Q1,,2.523013177,,,,,,F,,1,,A,,0,,_Z,
DATAFLOW,OECD.SDD.NAD:DSD_NAMAIN1@DF_QNA_EXPENDITURE_GROWTH_OECD(1.1),,I,Q,,Y,,DEU,,S1,,S1,,B1GQ,,_Z,,_Z,,_Z,,PC,,L,,GY,,T0102,,2008-Q2,,1.483877028,,,,,,F,,1,,A,,0,,_Z,
DATAFLOW,OECD.SDD.NAD:DSD_NAMAIN1@DF_QNA_EXPENDITURE_GROWTH_OECD(1.1),,I,Q,,Y,,DEU,,S1,,S1,,B1GQ,,_Z,,_Z,,_Z,,PC,,L,,GY,,T0102,,2008-Q3,,0.414708424,,,,,,F,,1,,A,,0,,_Z,
DATAFLOW,OECD.SDD.NAD:DSD_NAMAIN1@DF_QNA_EXPENDITURE_GROWTH_OECD(1.1),,I,Q,,Y,,DEU,,S1,,S1,,B1GQ,,_Z,,_Z,,_Z,,PC,,L,,GY,,T0102,,2008-Q4,,-1.871631219,,,,,,F,,1,,A,,0,,_Z,
DATAFLOW,OECD.SDD.NAD:DSD_NAMAIN1@DF_QNA_EXPENDITURE_GROWTH_OECD(1.1),,I,Q,,Y,,DEU,,S1,,S1,,B1GQ,,_Z,,_Z,,_Z,,PC,,L,,GY,,T0102,,2009-Q1,,-7.017204299,,,,,,F,,1,,A,,0,,_Z,
DATAFLOW,OECD.SDD.NAD:DSD_NAMAIN1@DF_QNA_EXPENDITURE_GROWTH_OECD(1.1),,I,Q,,Y,,DEU,,S1,,S1,,B1GQ,,_Z,,_Z,,_Z,,PC,,L,,GY,,T0102,,2009-Q2,,-6.451110796,,,,,,F,,1,,A,,0,,_Z,
DATAFLOW,OECD.SDD.NAD:DSD_NAMAIN1@DF_QNA_EXPENDITURE_GROWTH_OECD(1.1),,I,Q,,Y,,DEU,,S1,,S1,,B1GQ,,_Z,,_Z,,_Z,,PC,,L,,GY,,T0102,,2009-Q3,,-5.35227302,,,,,,F,,1,,A,,0,,_Z,
DATAFLOW,OECD.SDD.NAD:DSD_NAMAIN1@DF_QNA_EXPENDITURE_GROWTH_OECD(1.1),,I,Q,,Y,,DEU,,S1,,S1,,B1GQ,,_Z,,_Z,,_Z,,PC,,L,,GY,,T0102,,2009-Q4,,-3.12100583,,,,,,F,,1,,A,,0,,_Z,
DATAFLOW,OECD.SDD.NAD:DSD_NAMAIN1@DF_QNA_EXPENDITURE_GROWTH_OECD(1.1),,I,Q,,Y,,DEU,,S1,,S1,,B1GQ,,_Z,,_Z,,_Z,,PC,,L,,GY,,T0102,,2010-Q1,,2.382522461,,,,,,F,,1,,A,,0,,_Z,
DATAFLOW,OECD.SDD.NAD:DSD_NAMAIN1@DF_QNA_EXPENDITURE_GROWTH_OECD(1.1),,I,Q,,Y,,DEU,,S1,,S1,,B1GQ,,_Z,,_Z,,_Z,,PC,,L,,GY,,T0102,,2010-Q2,,4.343639564,,,,,,F,,1,,A,,0,,_Z,
DATAFLOW,OECD.SDD.NAD:DSD_NAMAIN1@DF_QNA_EXPENDITURE_GROWTH_OECD(1.1),,I,Q,,Y,,DEU,,S1,,S1,,B1GQ,,_Z,,_Z,,_Z,,PC,,L,,GY,,T0102,,2010-Q3,,4.700835697,,,,,,F,,1,,A,,0,,_Z,
DATAFLOW,OECD.SDD.NAD:DSD_NAMAIN1@DF_QNA_EXPENDITURE_GROWTH_OECD(1.1),,I,Q,,Y,,DEU,,S1,,S1,,B1GQ,,_Z,,_Z,,_Z,,PC,,L,,GY,,T0102,,2010-Q4,,4.584179965,,,,,,F,,1,,A,,0,,_Z,
DATAFLOW,OECD.SDD.NAD:DSD_NAMAIN1@DF_QNA_EXPENDITURE_GROWTH_OECD(1.1),,I,Q,,Y,,DEU,,S1,,S1,,B1GQ,,_Z,,_Z,,_Z,,PC,,L,,GY,,T0102,,2011-Q1,,5.706081731,,,,,,F,,1,,A,,0,,_Z,
DATAFLOW,OECD.SDD.NAD:DSD_NAMAIN1@DF_QNA_EXPENDITURE_GROWTH_OECD(1.1),,I,Q,,Y,,DEU,,S1,,S1,,B1GQ,,_Z,,_Z,,_Z,,PC,,L,,GY,,T0102,,2011-Q2,,3.744848844,,,,,,F,,1,,A,,0,,_Z,
DATAFLOW,OECD.SDD.NAD:DSD_NAMAIN1@DF_QNA_EXPENDITURE_GROWTH_OECD(1.1),,I,Q,,Y,,DEU,,S1,,S1,,B1GQ,,_Z,,_Z,,_Z,,PC,,L,,GY,,T0102,,2011-Q3,,3.308954426,,,,,,F,,1,,A,,0,,_Z,
DATAFLOW,OECD.SDD.NAD:DSD_NAMAIN1@DF_QNA_EXPENDITURE_GROWTH_OECD(1.1),,I,Q,,Y,,DEU,,S1,,S1,,B1GQ,,_Z,,_Z,,_Z,,PC,,L,,GY,,T0102,,2011-Q4,,2.624927245,,,,,,F,,1,,A,,0,,_Z,
DATAFLOW,OECD.SDD.NAD:DSD_NAMAIN1@DF_QNA_EXPENDITURE_GROWTH_OECD(1.1),,I,Q,,Y,,DEU,,S1,,S1,,B1GQ,,_Z,,_Z,,_Z,,PC,,L,,GY,,T0102,,2012-Q1,,1.016697825,,,,,,F,,1,,A,,0,,_Z,
DATAFLOW,OECD.SDD.NAD:DSD_NAMAIN1@DF_QNA_EXPENDITURE_GROWTH_OECD(1.1),,I,Q,,Y,,DEU,,S1,,S1,,B1GQ,,_Z,,_Z,,_Z,,PC,,L,,GY,,T0102,,2012-Q2,,0.851720266,,,,,,F,,1,,A,,0,,_Z,
DATAFLOW,OECD.SDD.NAD:DSD_NAMAIN1@DF_QNA_EXPENDITURE_GROWTH_OECD(1.1),,I,Q,,Y,,DEU,,S1,,S1,,B1GQ,,_Z,,_Z,,_Z,,PC,,L,,GY,,T0102,,2012-Q3,,0.513653421,,,,,,F,,1,,A,,0,,_Z,
DATAFLOW,OECD.SDD.NAD:DSD_NAMAIN1@DF_QNA_EXPENDITURE_GROWTH_OECD(1.1),,I,Q,,Y,,DEU,,S1,,S1,,B1GQ,,_Z,,_Z,,_Z,,PC,,L,,GY,,T0102,,2012-Q4,,0.223239417,,,,,,F,,1,,A,,0,,_Z,
DATAFLOW,OECD.SDD.NAD:DSD_NAMAIN1@DF_QNA_EXPENDITURE_GROWTH_OECD(1.1),,I,Q,,Y,,DEU,,S1,,S1,,B1GQ,,_Z,,_Z,,_Z,,PC,,L,,GY,,T0102,,2013-Q1,,-0.542185232,,,,,,F,,1,,A,,0,,_Z,
DATAFLOW,OECD.SDD.NAD:DSD_NAMAIN1@DF_QNA_EXPENDITURE_GROWTH_OECD(1.1),,I,Q,,Y,,DEU,,S1,,S1,,B1GQ,,_Z,,_Z,,_Z,,PC,,L,,GY,,T0102,,2013-Q2,,0.509397018,,,,,,F,,1,,A,,0,,_Z,
DATAFLOW,OECD.SDD.NAD:DSD_NAMAIN1@DF_QNA_EXPENDITURE_GROWTH_OECD(1.1),,I,Q,,Y,,DEU,,S1,,S1,,B1GQ,,_Z,,_Z,,_Z,,PC,,L,,GY,,T0102,,2013-Q3,,0.818749985,,,,,,F,,1,,A,,0,,_Z,
DATAFLOW,OECD.SDD.NAD:DSD_NAMAIN1@DF_QNA_EXPENDITURE_GROWTH_OECD(1.1),,I,Q,,Y,,DEU,,S1,,S1,,B1GQ,,_Z,,_Z,,_Z,,PC,,L,,GY,,T0102,,2013-Q4,,1.272049446,,,,,,F,,1,,A,,0,,_Z,
DATAFLOW,OECD.SDD.NAD:DSD_NAMAIN1@DF_QNA_EXPENDITURE_GROWTH_OECD(1.1),,I,Q,,Y,,DEU,,S1,,S1,,B1GQ,,_Z,,_Z,,_Z,,PC,,L,,GY,,T0102,,2014-Q1,,2.89828412,,,,,,F,,1,,A,,0,,_Z,
DATAFLOW,OECD.SDD.NAD:DSD_NAMAIN1@DF_QNA_EXPENDITURE_GROWTH_OECD(1.1),,I,Q,,Y,,DEU,,S1,,S1,,B1GQ,,_Z,,_Z,,_Z,,PC,,L,,G1,,T0102,,1960-Q2,,1.779654153,,,,,,F,,1,,E,,0,,_Z,
DATAFLOW,OECD.SDD.NAD:DSD_NAMAIN1@DF_QNA_EXPENDITURE_GROWTH_OECD(1.1),,I,Q,,Y,,DEU,,S1,,S1,,B1GQ,,_Z,,_Z,,_Z,,PC,,L,,G1,,T0102,,1960-Q3,,3.456686475,,,,,,F,,1,,E,,0,,_Z,
DATAFLOW,OECD.SDD.NAD:DSD_NAMAIN1@DF_QNA_EXPENDITURE_GROWTH_OECD(1.1),,I,Q,,Y,,DEU,,S1,,S1,,B1GQ,,_Z,,_Z,,_Z,,PC,,L,,G1,,T0102,,1960-Q4,,1.022068212,,,,,,F,,1,,E,,0,,_Z,
DATAFLOW,OECD.SDD.NAD:DSD_NAMAIN1@DF_QNA_EXPENDITURE_GROWTH_OECD(1.1),,I,Q,,Y,,DEU,,S1,,S1,,B1GQ,,_Z,,_Z,,_Z,,PC,,L,,G1,,T0102,,1961-Q1,,1.011727665,,,,,,F,,1,,E,,0,,_Z,
DATAFLOW,OECD.SDD.NAD:DSD_NAMAIN1@DF_QNA_EXPENDITURE_GROWTH_OECD(1.1),,I,Q,,Y,,DEU,,S1,,S1,,B1GQ,,_Z,,_Z,,_Z,,PC,,L,,G1,,T0102,,1961-Q2,,-0.539334482,,,,,,F,,1,,E,,0,,_Z,
DATAFLOW,OECD.SDD.NAD:DSD_NAMAIN1@DF_QNA_EXPENDITURE_GROWTH_OECD(1.1),,I,Q,,Y,,DEU,,S1,,S1,,B1GQ,,_Z,,_Z,,_Z,,PC,,L,,G1,,T0102,,1961-Q3,,2.052513111,,,,,,F,,1,,E,,0,,_Z,
DATAFLOW,OECD.SDD.NAD:DSD_NAMAIN1@DF_QNA_EXPENDITURE_GROWTH_OECD(1.1),,I,Q,,Y,,DEU,,S1,,S1,,B1GQ,,_Z,,_Z,,_Z,,PC,,L,,G1,,T0102,,1961-Q4,,0.455604549,,,,,,F,,1,,E,,0,,_Z,
DATAFLOW,OECD.SDD.NAD:DSD_NAMAIN1@DF_QNA_EXPENDITURE_GROWTH_OECD(1.1),,I,Q,,Y,,DEU,,S1,,S1,,B1GQ,,_Z,,_Z,,_Z,,PC,,L,,G1,,T0102,,1962-Q1,,1.47335232,,,,,,F,,1,,E,,0,,_Z,
DATAFLOW,OECD.SDD.NAD:DSD_NAMAIN1@DF_QNA_EXPENDITURE_GROWTH_OECD(1.1),,I,Q,,Y,,DEU,,S1,,S1,,B1GQ,,_Z,,_Z,,_Z,,PC,,L,,G1,,T0102,,1962-Q2,,1.042343972,,,,,,F,,1,,E,,0,,_Z,
DATAFLOW,OECD.SDD.NAD:DSD_NAMAIN1@DF_QNA_EXPENDITURE_GROWTH_OECD(1.1),,I,Q,,Y,,DEU,,S1,,S1,,B1GQ,,_Z,,_Z,,_Z,,PC,,L,,G1,,T0102,,1962-Q3,,2.395209581,,,,,,F,,1,,E,,0,,_Z,
DATAFLOW,OECD.SDD.NAD:DSD_NAMAIN1@DF_QNA_EXPENDITURE_GROWTH_OECD(1.1),,I,Q,,Y,,DEU,,S1,,S1,,B1GQ,,_Z,,_Z,,_Z,,PC,,L,,G1,,T0102,,1962-Q4,,-0.216173587,,,,,,F,,1,,E,,0,,_Z,
DATAFLOW,OECD.SDD.NAD:DSD_NAMAIN1@DF_QNA_EXPENDITURE_GROWTH_OECD(1.1),,I,Q,,Y,,DEU,,S1,,S1,,B1GQ,,_Z,,_Z,,_Z,,PC,,L,,G1,,T0102,,1963-Q1,,-3.498025877,,,,,,F,,1,,E,,0,,_Z,
DATAFLOW,OECD.SDD.NAD:DSD_NAMAIN1@DF_QNA_EXPENDITURE_GROWTH_OECD(1.1),,I,Q,,Y,,DEU,,S1,,S1,,B1GQ,,_Z,,_Z,,_Z,,PC,,L,,G1,,T0102,,1963-Q2,,4.484411506,,,,,,F,,1,,E,,0,,_Z,
DATAFLOW,OECD.SDD.NAD:DSD_NAMAIN1@DF_QNA_EXPENDITURE_GROWTH_OECD(1.1),,I,Q,,Y,,DEU,,S1,,S1,,B1GQ,,_Z,,_Z,,_Z,,PC,,L,,G1,,T0102,,1963-Q3,,3.469247781,,,,,,F,,1,,E,,0,,_Z,
DATAFLOW,OECD.SDD.NAD:DSD_NAMAIN1@DF_QNA_EXPENDITURE_GROWTH_OECD(1.1),,I,Q,,Y,,DEU,,S1,,S1,,B1GQ,,_Z,,_Z,,_Z,,PC,,L,,G1,,T0102,,1963-Q4,,0.483965882,,,,,,F,,1,,E,,0,,_Z,
DATAFLOW,OECD.SDD.NAD:DSD_NAMAIN1@DF_QNA_EXPENDITURE_GROWTH_OECD(1.1),,I,Q,,Y,,DEU,,S1,,S1,,B1GQ,,_Z,,_Z,,_Z,,PC,,L,,G1,,T0102,,1964-Q1,,1.375907483,,,,,,F,,1,,E,,0,,_Z,
DATAFLOW,OECD.SDD.NAD:DSD_NAMAIN1@DF_QNA_EXPENDITURE_GROWTH_OECD(1.1),,I,Q,,Y,,DEU,,S1,,S1,,B1GQ,,_Z,,_Z,,_Z,,PC,,L,,G1,,T0102,,1964-Q2,,1.221775492,,,,,,F,,1,,E,,0,,_Z,
DATAFLOW,OECD.SDD.NAD:DSD_NAMAIN1@DF_QNA_EXPENDITURE_GROWTH_OECD(1.1),,I,Q,,Y,,DEU,,S1,,S1,,B1GQ,,_Z,,_Z,,_Z,,PC,,L,,G1,,T0102,,1964-Q3,,1.039093942,,,,,,F,,1,,E,,0,,_Z,
DATAFLOW,OECD.SDD.NAD:DSD_NAMAIN1@DF_QNA_EXPENDITURE_GROWTH_OECD(1.1),,I,Q,,Y,,DEU,,S1,,S1,,B1GQ,,_Z,,_Z,,_Z,,PC,,L,,G1,,T0102,,1964-Q4,,1.360335531,,,,,,F,,1,,E,,0,,_Z,
DATAFLOW,OECD.SDD.NAD:DSD_NAMAIN1@DF_QNA_EXPENDITURE_GROWTH_OECD(1.1),,I,Q,,Y,,DEU,,S1,,S1,,B1GQ,,_Z,,_Z,,_Z,,PC,,L,,G1,,T0102,,1965-Q1,,1.63656424,,,,,,F,,1,,E,,0,,_Z,
DATAFLOW,OECD.SDD.NAD:DSD_NAMAIN1@DF_QNA_EXPENDITURE_GROWTH_OECD(1.1),,I,Q,,Y,,DEU,,S1,,S1,,B1GQ,,_Z,,_Z,,_Z,,PC,,L,,G1,,T0102,,1965-Q2,,1.578070865,,,,,,F,,1,,E,,0,,_Z,
DATAFLOW,OECD.SDD.NAD:DSD_NAMAIN1@DF_QNA_EXPENDITURE_GROWTH_OECD(1.1),,I,Q,,Y,,DEU,,S1,,S1,,B1GQ,,_Z,,_Z,,_Z,,PC,,L,,G1,,T0102,,1965-Q3,,0.665875619,,,,,,F,,1,,E,,0,,_Z,
DATAFLOW,OECD.SDD.NAD:DSD_NAMAIN1@DF_QNA_EXPENDITURE_GROWTH_OECD(1.1),,I,Q,,Y,,DEU,,S1,,S1,,B1GQ,,_Z,,_Z,,_Z,,PC,,L,,G1,,T0102,,1965-Q4,,0.598451791,,,,,,F,,1,,E,,0,,_Z,
DATAFLOW,OECD.SDD.NAD:DSD_NAMAIN1@DF_QNA_EXPENDITURE_GROWTH_OECD(1.1),,I,Q,,Y,,DEU,,S1,,S1,,B1GQ,,_Z,,_Z,,_Z,,PC,,L,,G1,,T0102,,1966-Q1,,1.81592055,,,,,,F,,1,,E,,0,,_Z,
DATAFLOW,OECD.SDD.NAD:DSD_NAMAIN1@DF_QNA_EXPENDITURE_GROWTH_OECD(1.1),,I,Q,,Y,,DEU,,S1,,S1,,B1GQ,,_Z,,_Z,,_Z,,PC,,L,,G1,,T0102,,1966-Q2,,0.307484942,,,,,,F,,1,,E,,0,,_Z,
DATAFLOW,OECD.SDD.NAD:DSD_NAMAIN1@DF_QNA_EXPENDITURE_GROWTH_OECD(1.1),,I,Q,,Y,,DEU,,S1,,S1,,B1GQ,,_Z,,_Z,,_Z,,PC,,L,,G1,,T0102,,1966-Q3,,0.122676937,,,,,,F,,1,,E,,0,,_Z,
DATAFLOW,OECD.SDD.NAD:DSD_NAMAIN1@DF_QNA_EXPENDITURE_GROWTH_OECD(1.1),,I,Q,,Y,,DEU,,S1,,S1,,B1GQ,,_Z,,_Z,,_Z,,PC,,L,,G1,,T0102,,1966-Q4,,-1.56154042,,,,,,F,,1,,E,,0,,_Z,
DATAFLOW,OECD.SDD.NAD:DSD_NAMAIN1@DF_QNA_EXPENDITURE_GROWTH_OECD(1.1),,I,Q,,Y,,DEU,,S1,,S1,,B1GQ,,_Z,,_Z,,_Z,,PC,,L,,G1,,T0102,,1967-Q1,,-0.49772895,,,,,,F,,1,,E,,0,,_Z,
DATAFLOW,OECD.SDD.NAD:DSD_NAMAIN1@DF_QNA_EXPENDITURE_GROWTH_OECD(1.1),,I,Q,,Y,,DEU,,S1,,S1,,B1GQ,,_Z,,_Z,,_Z,,PC,,L,,G1,,T0102,,1967-Q2,,-0.31257933,,,,,,F,,1,,E,,0,,_Z,
DATAFLOW,OECD.SDD.NAD:DSD_NAMAIN1@DF_QNA_EXPENDITURE_GROWTH_OECD(1.1),,I,Q,,Y,,DEU,,S1,,S1,,B1GQ,,_Z,,_Z,,_Z,,PC,,L,,G1,,T0102,,1967-Q3,,2.414591866,,,,,,F,,1,,E,,0,,_Z,
DATAFLOW,OECD.SDD.NAD:DSD_NAMAIN1@DF_QNA_EXPENDITURE_GROWTH_OECD(1.1),,I,Q,,Y,,DEU,,S1,,S1,,B1GQ,,_Z,,_Z,,_Z,,PC,,L,,G1,,T0102,,1967-Q4,,1.285930408,,,,,,F,,1,,E,,0,,_Z,
DATAFLOW,OECD.SDD.NAD:DSD_NAMAIN1@DF_QNA_EXPENDITURE_GROWTH_OECD(1.1),,I,Q,,Y,,DEU,,S1,,S1,,B1GQ,,_Z,,_Z,,_Z,,PC,,L,,G1,,T0102,,1968-Q1,,1.170303986,,,,,,F,,1,,E,,0,,_Z,
DATAFLOW,OECD.SDD.NAD:DSD_NAMAIN1@DF_QNA_EXPENDITURE_GROWTH_OECD(1.1),,I,Q,,Y,,DEU,,S1,,S1,,B1GQ,,_Z,,_Z,,_Z,,PC,,L,,G1,,T0102,,1968-Q2,,0.777279522,,,,,,F,,1,,E,,0,,_Z,
DATAFLOW,OECD.SDD.NAD:DSD_NAMAIN1@DF_QNA_EXPENDITURE_GROWTH_OECD(1.1),,I,Q,,Y,,DEU,,S1,,S1,,B1GQ,,_Z,,_Z,,_Z,,PC,,L,,G1,,T0102,,1968-Q3,,2.195194304,,,,,,F,,1,,E,,0,,_Z,
DATAFLOW,OECD.SDD.NAD:DSD_NAMAIN1@DF_QNA_EXPENDITURE_GROWTH_OECD(1.1),,I,Q,,Y,,DEU,,S1,,S1,,B1GQ,,_Z,,_Z,,_Z,,PC,,L,,G1,,T0102,,1968-Q4,,1.509433962,,,,,,F,,1,,E,,0,,_Z,
DATAFLOW,OECD.SDD.NAD:DSD_NAMAIN1@DF_QNA_EXPENDITURE_GROWTH_OECD(1.1),,I,Q,,Y,,DEU,,S1,,S1,,B1GQ,,_Z,,_Z,,_Z,,PC,,L,,G1,,T0102,,1969-Q1,,2.516442665,,,,,,F,,1,,E,,0,,_Z,
DATAFLOW,OECD.SDD.NAD:DSD_NAMAIN1@DF_QNA_EXPENDITURE_GROWTH_OECD(1.1),,I,Q,,Y,,DEU,,S1,,S1,,B1GQ,,_Z,,_Z,,_Z,,PC,,L,,G1,,T0102,,1969-Q2,,1.283087905,,,,,,F,,1,,E,,0,,_Z,
DATAFLOW,OECD.SDD.NAD:DSD_NAMAIN1@DF_QNA_EXPENDITURE_GROWTH_OECD(1.1),,I,Q,,Y,,DEU,,S1,,S1,,B1GQ,,_Z,,_Z,,_Z,,PC,,L,,G1,,T0102,,1969-Q3,,2.148261051,,,,,,F,,1,,E,,0,,_Z,
DATAFLOW,OECD.SDD.NAD:DSD_NAMAIN1@DF_QNA_EXPENDITURE_GROWTH_OECD(1.1),,I,Q,,Y,,DEU,,S1,,S1,,B1GQ,,_Z,,_Z,,_Z,,PC,,L,,G1,,T0102,,1969-Q4,,1.536742829,,,,,,F,,1,,E,,0,,_Z,
DATAFLOW,OECD.SDD.NAD:DSD_NAMAIN1@DF_QNA_EXPENDITURE_GROWTH_OECD(1.1),,I,Q,,Y,,DEU,,S1,,S1,,B1GQ,,_Z,,_Z,,_Z,,PC,,L,,G1,,T0102,,1970-Q1,,-1.595662151,,,,,,F,,1,,E,,0,,_Z,
DATAFLOW,OECD.SDD.NAD:DSD_NAMAIN1@DF_QNA_EXPENDITURE_GROWTH_OECD(1.1),,I,Q,,Y,,DEU,,S1,,S1,,B1GQ,,_Z,,_Z,,_Z,,PC,,L,,G1,,T0102,,1970-Q2,,3.975817699,,,,,,F,,1,,E,,0,,_Z,
DATAFLOW,OECD.SDD.NAD:DSD_NAMAIN1@DF_QNA_EXPENDITURE_GROWTH_OECD(1.1),,I,Q,,Y,,DEU,,S1,,S1,,B1GQ,,_Z,,_Z,,_Z,,PC,,L,,G1,,T0102,,1970-Q3,,1.867836292,,,,,,F,,1,,E,,0,,_Z,
DATAFLOW,OECD.SDD.NAD:DSD_NAMAIN1@DF_QNA_EXPENDITURE_GROWTH_OECD(1.1),,I,Q,,Y,,DEU,,S1,,S1,,B1GQ,,_Z,,_Z,,_Z,,PC,,L,,G1,,T0102,,1970-Q4,,0.847606644,,,,,,F,,1,,E,,0,,_Z,
DATAFLOW,OECD.SDD.NAD:DSD_NAMAIN1@DF_QNA_EXPENDITURE_GROWTH_OECD(1.1),,I,Q,,Y,,DEU,,S1,,S1,,B1GQ,,_Z,,_Z,,_Z,,PC,,L,,G1,,T0102,,1971-Q1,,-1.921102523,,,,,,F,,1,,E,,0,,_Z,
DATAFLOW,OECD.SDD.NAD:DSD_NAMAIN1@DF_QNA_EXPENDITURE_GROWTH_OECD(1.1),,I,Q,,Y,,DEU,,S1,,S1,,B1GQ,,_Z,,_Z,,_Z,,PC,,L,,G1,,T0102,,1971-Q2,,2.098640828,,,,,,F,,1,,E,,0,,_Z,
DATAFLOW,OECD.SDD.NAD:DSD_NAMAIN1@DF_QNA_EXPENDITURE_GROWTH_OECD(1.1),,I,Q,,Y,,DEU,,S1,,S1,,B1GQ,,_Z,,_Z,,_Z,,PC,,L,,G1,,T0102,,1971-Q3,,1.730037193,,,,,,F,,1,,E,,0,,_Z,
DATAFLOW,OECD.SDD.NAD:DSD_NAMAIN1@DF_QNA_EXPENDITURE_GROWTH_OECD(1.1),,I,Q,,Y,,DEU,,S1,,S1,,B1GQ,,_Z,,_Z,,_Z,,PC,,L,,G1,,T0102,,1971-Q4,,-0.084182124,,,,,,F,,1,,E,,0,,_Z,
DATAFLOW,OECD.SDD.NAD:DSD_NAMAIN1@DF_QNA_EXPENDITURE_GROWTH_OECD(1.1),,I,Q,,Y,,DEU,,S1,,S1,,B1GQ,,_Z,,_Z,,_Z,,PC,,L,,G1,,T0102,,1972-Q1,,0.101102707,,,,,,F,,1,,E,,0,,_Z,
DATAFLOW,OECD.SDD.NAD:DSD_NAMAIN1@DF_QNA_EXPENDITURE_GROWTH_OECD(1.1),,I,Q,,Y,,DEU,,S1,,S1,,B1GQ,,_Z,,_Z,,_Z,,PC,,L,,G1,,T0102,,1972-Q2,,1.632999089,,,,,,F,,1,,E,,0,,_Z,
DATAFLOW,OECD.SDD.NAD:DSD_NAMAIN1@DF_QNA_EXPENDITURE_GROWTH_OECD(1.1),,I,Q,,Y,,DEU,,S1,,S1,,B1GQ,,_Z,,_Z,,_Z,,PC,,L,,G1,,T0102,,1972-Q3,,2.335604225,,,,,,F,,1,,E,,0,,_Z,
DATAFLOW,OECD.SDD.NAD:DSD_NAMAIN1@DF_QNA_EXPENDITURE_GROWTH_OECD(1.1),,I,Q,,Y,,DEU,,S1,,S1,,B1GQ,,_Z,,_Z,,_Z,,PC,,L,,G1,,T0102,,1972-Q4,,1.553896295,,,,,,F,,1,,E,,0,,_Z,
DATAFLOW,OECD.SDD.NAD:DSD_NAMAIN1@DF_QNA_EXPENDITURE_GROWTH_OECD(1.1),,I,Q,,Y,,DEU,,S1,,S1,,B1GQ,,_Z,,_Z,,_Z,,PC,,L,,G1,,T0102,,1973-Q1,,1.382723679,,,,,,F,,1,,E,,0,,_Z,
DATAFLOW,OECD.SDD.NAD:DSD_NAMAIN1@DF_QNA_EXPENDITURE_GROWTH_OECD(1.1),,I,Q,,Y,,DEU,,S1,,S1,,B1GQ,,_Z,,_Z,,_Z,,PC,,L,,G1,,T0102,,1973-Q2,,0.738877462,,,,,,F,,1,,E,,0,,_Z,
DATAFLOW,OECD.SDD.NAD:DSD_NAMAIN1@DF_QNA_EXPENDITURE_GROWTH_OECD(1.1),,I,Q,,Y,,DEU,,S1,,S1,,B1GQ,,_Z,,_Z,,_Z,,PC,,L,,G1,,T0102,,1973-Q3,,0.327712697,,,,,,F,,1,,E,,0,,_Z,
DATAFLOW,OECD.SDD.NAD:DSD_NAMAIN1@DF_QNA_EXPENDITURE_GROWTH_OECD(1.1),,I,Q,,Y,,DEU,,S1,,S1,,B1GQ,,_Z,,_Z,,_Z,,PC,,L,,G1,,T0102,,1973-Q4,,0.24886882,,,,,,F,,1,,E,,0,,_Z,
DATAFLOW,OECD.SDD.NAD:DSD_NAMAIN1@DF_QNA_EXPENDITURE_GROWTH_OECD(1.1),,I,Q,,Y,,DEU,,S1,,S1,,B1GQ,,_Z,,_Z,,_Z,,PC,,L,,G1,,T0102,,1974-Q1,,0.845690319,,,,,,F,,1,,E,,0,,_Z,
DATAFLOW,OECD.SDD.NAD:DSD_NAMAIN1@DF_QNA_EXPENDITURE_GROWTH_OECD(1.1),,I,Q,,Y,,DEU,,S1,,S1,,B1GQ,,_Z,,_Z,,_Z,,PC,,L,,G1,,T0102,,1974-Q2,,-0.076938462,,,,,,F,,1,,E,,0,,_Z,
DATAFLOW,OECD.SDD.NAD:DSD_NAMAIN1@DF_QNA_EXPENDITURE_GROWTH_OECD(1.1),,I,Q,,Y,,DEU,,S1,,S1,,B1GQ,,_Z,,_Z,,_Z,,PC,,L,,G1,,T0102,,1974-Q3,,4.35E-06,,,,,,F,,1,,E,,0,,_Z,
DATAFLOW,OECD.SDD.NAD:DSD_NAMAIN1@DF_QNA_EXPENDITURE_GROWTH_OECD(1.1),,I,Q,,Y,,DEU,,S1,,S1,,B1GQ,,_Z,,_Z,,_Z,,PC,,L,,G1,,T0102,,1974-Q4,,-1.262707459,,,,,,F,,1,,E,,0,,_Z,
DATAFLOW,OECD.SDD.NAD:DSD_NAMAIN1@DF_QNA_EXPENDITURE_GROWTH_OECD(1.1),,I,Q,,Y,,DEU,,S1,,S1,,B1GQ,,_Z,,_Z,,_Z,,PC,,L,,G1,,T0102,,1975-Q1,,-0.577005351,,,,,,F,,1,,E,,0,,_Z,
DATAFLOW,OECD.SDD.NAD:DSD_NAMAIN1@DF_QNA_EXPENDITURE_GROWTH_OECD(1.1),,I,Q,,Y,,DEU,,S1,,S1,,B1GQ,,_Z,,_Z,,_Z,,PC,,L,,G1,,T0102,,1975-Q2,,-0.501954515,,,,,,F,,1,,E,,0,,_Z,
DATAFLOW,OECD.SDD.NAD:DSD_NAMAIN1@DF_QNA_EXPENDITURE_GROWTH_OECD(1.1),,I,Q,,Y,,DEU,,S1,,S1,,B1GQ,,_Z,,_Z,,_Z,,PC,,L,,G1,,T0102,,1975-Q3,,1.087808729,,,,,,F,,1,,E,,0,,_Z,
DATAFLOW,OECD.SDD.NAD:DSD_NAMAIN1@DF_QNA_EXPENDITURE_GROWTH_OECD(1.1),,I,Q,,Y,,DEU,,S1,,S1,,B1GQ,,_Z,,_Z,,_Z,,PC,,L,,G1,,T0102,,1975-Q4,,1.965054968,,,,,,F,,1,,E,,0,,_Z,
DATAFLOW,OECD.SDD.NAD:DSD_NAMAIN1@DF_QNA_EXPENDITURE_GROWTH_OECD(1.1),,I,Q,,Y,,DEU,,S1,,S1,,B1GQ,,_Z,,_Z,,_Z,,PC,,L,,G1,,T0102,,1976-Q1,,0.898503341,,,,,,F,,1,,E,,0,,_Z,
DATAFLOW,OECD.SDD.NAD:DSD_NAMAIN1@DF_QNA_EXPENDITURE_GROWTH_OECD(1.1),,I,Q,,Y,,DEU,,S1,,S1,,B1GQ,,_Z,,_Z,,_Z,,PC,,L,,G1,,T0102,,1976-Q2,,1.485514999,,,,,,F,,1,,E,,0,,_Z,
DATAFLOW,OECD.SDD.NAD:DSD_NAMAIN1@DF_QNA_EXPENDITURE_GROWTH_OECD(1.1),,I,Q,,Y,,DEU,,S1,,S1,,B1GQ,,_Z,,_Z,,_Z,,PC,,L,,G1,,T0102,,1976-Q3,,0.029868819,,,,,,F,,1,,E,,0,,_Z,
DATAFLOW,OECD.SDD.NAD:DSD_NAMAIN1@DF_QNA_EXPENDITURE_GROWTH_OECD(1.1),,I,Q,,Y,,DEU,,S1,,S1,,B1GQ,,_Z,,_Z,,_Z,,PC,,L,,G1,,T0102,,1976-Q4,,1.85157959,,,,,,F,,1,,E,,0,,_Z,
DATAFLOW,OECD.SDD.NAD:DSD_NAMAIN1@DF_QNA_EXPENDITURE_GROWTH_OECD(1.1),,I,Q,,Y,,DEU,,S1,,S1,,B1GQ,,_Z,,_Z,,_Z,,PC,,L,,G1,,T0102,,1977-Q1,,0.853943577,,,,,,F,,1,,E,,0,,_Z,
DATAFLOW,OECD.SDD.NAD:DSD_NAMAIN1@DF_QNA_EXPENDITURE_GROWTH_OECD(1.1),,I,Q,,Y,,DEU,,S1,,S1,,B1GQ,,_Z,,_Z,,_Z,,PC,,L,,G1,,T0102,,1977-Q2,,0.566949156,,,,,,F,,1,,E,,0,,_Z,
DATAFLOW,OECD.SDD.NAD:DSD_NAMAIN1@DF_QNA_EXPENDITURE_GROWTH_OECD(1.1),,I,Q,,Y,,DEU,,S1,,S1,,B1GQ,,_Z,,_Z,,_Z,,PC,,L,,G1,,T0102,,1977-Q3,,-0.028904963,,,,,,F,,1,,E,,0,,_Z,
DATAFLOW,OECD.SDD.NAD:DSD_NAMAIN1@DF_QNA_EXPENDITURE_GROWTH_OECD(1.1),,I,Q,,Y,,DEU,,S1,,S1,,B1GQ,,_Z,,_Z,,_Z,,PC,,L,,G1,,T0102,,1977-Q4,,1.720636701,,,,,,F,,1,,E,,0,,_Z,
DATAFLOW,OECD.SDD.NAD:DSD_NAMAIN1@DF_QNA_EXPENDITURE_GROWTH_OECD(1.1),,I,Q,,Y,,DEU,,S1,,S1,,B1GQ,,_Z,,_Z,,_Z,,PC,,L,,G1,,T0102,,1978-Q1,,0.412115378,,,,,,F,,1,,E,,0,,_Z,
DATAFLOW,OECD.SDD.NAD:DSD_NAMAIN1@DF_QNA_EXPENDITURE_GROWTH_OECD(1.1),,I,Q,,Y,,DEU,,S1,,S1,,B1GQ,,_Z,,_Z,,_Z,,PC,,L,,G1,,T0102,,1978-Q2,,0.396382149,,,,,,F,,1,,E,,0,,_Z,
DATAFLOW,OECD.SDD.NAD:DSD_NAMAIN1@DF_QNA_EXPENDITURE_GROWTH_OECD(1.1),,I,Q,,Y,,DEU,,S1,,S1,,B1GQ,,_Z,,_Z,,_Z,,PC,,L,,G1,,T0102,,1978-Q3,,1.311340647,,,,,,F,,1,,E,,0,,_Z,
DATAFLOW,OECD.SDD.NAD:DSD_NAMAIN1@DF_QNA_EXPENDITURE_GROWTH_OECD(1.1),,I,Q,,Y,,DEU,,S1,,S1,,B1GQ,,_Z,,_Z,,_Z,,PC,,L,,G1,,T0102,,1978-Q4,,1.169104613,,,,,,F,,1,,E,,0,,_Z,
DATAFLOW,OECD.SDD.NAD:DSD_NAMAIN1@DF_QNA_EXPENDITURE_GROWTH_OECD(1.1),,I,Q,,Y,,DEU,,S1,,S1,,B1GQ,,_Z,,_Z,,_Z,,PC,,L,,G1,,T0102,,1979-Q1,,0.123655596,,,,,,F,,1,,E,,0,,_Z,
DATAFLOW,OECD.SDD.NAD:DSD_NAMAIN1@DF_QNA_EXPENDITURE_GROWTH_OECD(1.1),,I,Q,,Y,,DEU,,S1,,S1,,B1GQ,,_Z,,_Z,,_Z,,PC,,L,,G1,,T0102,,1979-Q2,,3.10525348,,,,,,F,,1,,E,,0,,_Z,
DATAFLOW,OECD.SDD.NAD:DSD_NAMAIN1@DF_QNA_EXPENDITURE_GROWTH_OECD(1.1),,I,Q,,Y,,DEU,,S1,,S1,,B1GQ,,_Z,,_Z,,_Z,,PC,,L,,G1,,T0102,,1979-Q3,,7.53E-06,,,,,,F,,1,,E,,0,,_Z,
DATAFLOW,OECD.SDD.NAD:DSD_NAMAIN1@DF_QNA_EXPENDITURE_GROWTH_OECD(1.1),,I,Q,,Y,,DEU,,S1,,S1,,B1GQ,,_Z,,_Z,,_Z,,PC,,L,,G1,,T0102,,1979-Q4,,0.61299334,,,,,,F,,1,,E,,0,,_Z,
DATAFLOW,OECD.SDD.NAD:DSD_NAMAIN1@DF_QNA_EXPENDITURE_GROWTH_OECD(1.1),,I,Q,,Y,,DEU,,S1,,S1,,B1GQ,,_Z,,_Z,,_Z,,PC,,L,,G1,,T0102,,1980-Q1,,0.801235019,,,,,,F,,1,,E,,0,,_Z,
DATAFLOW,OECD.SDD.NAD:DSD_NAMAIN1@DF_QNA_EXPENDITURE_GROWTH_OECD(1.1),,I,Q,,Y,,DEU,,S1,,S1,,B1GQ,,_Z,,_Z,,_Z,,PC,,L,,G1,,T0102,,1980-Q2,,-0.64380222,,,,,,F,,1,,E,,0,,_Z,
DATAFLOW,OECD.SDD.NAD:DSD_NAMAIN1@DF_QNA_EXPENDITURE_GROWTH_OECD(1.1),,I,Q,,Y,,DEU,,S1,,S1,,B1GQ,,_Z,,_Z,,_Z,,PC,,L,,G1,,T0102,,1980-Q3,,-0.396722368,,,,,,F,,1,,E,,0,,_Z,
DATAFLOW,OECD.SDD.NAD:DSD_NAMAIN1@DF_QNA_EXPENDITURE_GROWTH_OECD(1.1),,I,Q,,Y,,DEU,,S1,,S1,,B1GQ,,_Z,,_Z,,_Z,,PC,,L,,G1,,T0102,,1980-Q4,,-0.132760006,,,,,,F,,1,,E,,0,,_Z,
DATAFLOW,OECD.SDD.NAD:DSD_NAMAIN1@DF_QNA_EXPENDITURE_GROWTH_OECD(1.1),,I,Q,,Y,,DEU,,S1,,S1,,B1GQ,,_Z,,_Z,,_Z,,PC,,L,,G1,,T0102,,1981-Q1,,1.189866492,,,,,,F,,1,,E,,0,,_Z,
DATAFLOW,OECD.SDD.NAD:DSD_NAMAIN1@DF_QNA_EXPENDITURE_GROWTH_OECD(1.1),,I,Q,,Y,,DEU,,S1,,S1,,B1GQ,,_Z,,_Z,,_Z,,PC,,L,,G1,,T0102,,1981-Q2,,-0.249632331,,,,,,F,,1,,E,,0,,_Z,
DATAFLOW,OECD.SDD.NAD:DSD_NAMAIN1@DF_QNA_EXPENDITURE_GROWTH_OECD(1.1),,I,Q,,Y,,DEU,,S1,,S1,,B1GQ,,_Z,,_Z,,_Z,,PC,,L,,G1,,T0102,,1981-Q3,,0.263433962,,,,,,F,,1,,E,,0,,_Z,
DATAFLOW,OECD.SDD.NAD:DSD_NAMAIN1@DF_QNA_EXPENDITURE_GROWTH_OECD(1.1),,I,Q,,Y,,DEU,,S1,,S1,,B1GQ,,_Z,,_Z,,_Z,,PC,,L,,G1,,T0102,,1981-Q4,,-0.078831451,,,,,,F,,1,,E,,0,,_Z,
DATAFLOW,OECD.SDD.NAD:DSD_NAMAIN1@DF_QNA_EXPENDITURE_GROWTH_OECD(1.1),,I,Q,,Y,,DEU,,S1,,S1,,B1GQ,,_Z,,_Z,,_Z,,PC,,L,,G1,,T0102,,1982-Q1,,0.37467052,,,,,,F,,1,,E,,0,,_Z,
DATAFLOW,OECD.SDD.NAD:DSD_NAMAIN1@DF_QNA_EXPENDITURE_GROWTH_OECD(1.1),,I,Q,,Y,,DEU,,S1,,S1,,B1GQ,,_Z,,_Z,,_Z,,PC,,L,,G1,,T0102,,1982-Q2,,-0.615593473,,,,,,F,,1,,E,,0,,_Z,
DATAFLOW,OECD.SDD.NAD:DSD_NAMAIN1@DF_QNA_EXPENDITURE_GROWTH_OECD(1.1),,I,Q,,Y,,DEU,,S1,,S1,,B1GQ,,_Z,,_Z,,_Z,,PC,,L,,G1,,T0102,,1982-Q3,,-0.988403773,,,,,,F,,1,,E,,0,,_Z,
DATAFLOW,OECD.SDD.NAD:DSD_NAMAIN1@DF_QNA_EXPENDITURE_GROWTH_OECD(1.1),,I,Q,,Y,,DEU,,S1,,S1,,B1GQ,,_Z,,_Z,,_Z,,PC,,L,,G1,,T0102,,1982-Q4,,0.239588883,,,,,,F,,1,,E,,0,,_Z,
DATAFLOW,OECD.SDD.NAD:DSD_NAMAIN1@DF_QNA_EXPENDITURE_GROWTH_OECD(1.1),,I,Q,,Y,,DEU,,S1,,S1,,B1GQ,,_Z,,_Z,,_Z,,PC,,L,,G1,,T0102,,1983-Q1,,0.906269548,,,,,,F,,1,,E,,0,,_Z,
DATAFLOW,OECD.SDD.NAD:DSD_NAMAIN1@DF_QNA_EXPENDITURE_GROWTH_OECD(1.1),,I,Q,,Y,,DEU,,S1,,S1,,B1GQ,,_Z,,_Z,,_Z,,PC,,L,,G1,,T0102,,1983-Q2,,1.052777518,,,,,,F,,1,,E,,0,,_Z,
DATAFLOW,OECD.SDD.NAD:DSD_NAMAIN1@DF_QNA_EXPENDITURE_GROWTH_OECD(1.1),,I,Q,,Y,,DEU,,S1,,S1,,B1GQ,,_Z,,_Z,,_Z,,PC,,L,,G1,,T0102,,1983-Q3,,-0.208367803,,,,,,F,,1,,E,,0,,_Z,
DATAFLOW,OECD.SDD.NAD:DSD_NAMAIN1@DF_QNA_EXPENDITURE_GROWTH_OECD(1.1),,I,Q,,Y,,DEU,,S1,,S1,,B1GQ,,_Z,,_Z,,_Z,,PC,,L,,G1,,T0102,,1983-Q4,,1.383273921,,,,,,F,,1,,E,,0,,_Z,
DATAFLOW,OECD.SDD.NAD:DSD_NAMAIN1@DF_QNA_EXPENDITURE_GROWTH_OECD(1.1),,I,Q,,Y,,DEU,,S1,,S1,,B1GQ,,_Z,,_Z,,_Z,,PC,,L,,G1,,T0102,,1984-Q1,,1.322572601,,,,,,F,,1,,E,,0,,_Z,
DATAFLOW,OECD.SDD.NAD:DSD_NAMAIN1@DF_QNA_EXPENDITURE_GROWTH_OECD(1.1),,I,Q,,Y,,DEU,,S1,,S1,,B1GQ,,_Z,,_Z,,_Z,,PC,,L,,G1,,T0102,,1984-Q2,,-1.575206402,,,,,,F,,1,,E,,0,,_Z,
DATAFLOW,OECD.SDD.NAD:DSD_NAMAIN1@DF_QNA_EXPENDITURE_GROWTH_OECD(1.1),,I,Q,,Y,,DEU,,S1,,S1,,B1GQ,,_Z,,_Z,,_Z,,PC,,L,,G1,,T0102,,1984-Q3,,2.723287578,,,,,,F,,1,,E,,0,,_Z,
DATAFLOW,OECD.SDD.NAD:DSD_NAMAIN1@DF_QNA_EXPENDITURE_GROWTH_OECD(1.1),,I,Q,,Y,,DEU,,S1,,S1,,B1GQ,,_Z,,_Z,,_Z,,PC,,L,,G1,,T0102,,1984-Q4,,0.841814285,,,,,,F,,1,,E,,0,,_Z,
DATAFLOW,OECD.SDD.NAD:DSD_NAMAIN1@DF_QNA_EXPENDITURE_GROWTH_OECD(1.1),,I,Q,,Y,,DEU,,S1,,S1,,B1GQ,,_Z,,_Z,,_Z,,PC,,L,,G1,,T0102,,1985-Q1,,-0.545070922,,,,,,F,,1,,E,,0,,_Z,
DATAFLOW,OECD.SDD.NAD:DSD_NAMAIN1@DF_QNA_EXPENDITURE_GROWTH_OECD(1.1),,I,Q,,Y,,DEU,,S1,,S1,,B1GQ,,_Z,,_Z,,_Z,,PC,,L,,G1,,T0102,,1985-Q2,,1.002247959,,,,,,F,,1,,E,,0,,_Z,
DATAFLOW,OECD.SDD.NAD:DSD_NAMAIN1@DF_QNA_EXPENDITURE_GROWTH_OECD(1.1),,I,Q,,Y,,DEU,,S1,,S1,,B1GQ,,_Z,,_Z,,_Z,,PC,,L,,G1,,T0102,,1985-Q3,,1.302408149,,,,,,F,,1,,E,,0,,_Z,
DATAFLOW,OECD.SDD.NAD:DSD_NAMAIN1@DF_QNA_EXPENDITURE_GROWTH_OECD(1.1),,I,Q,,Y,,DEU,,S1,,S1,,B1GQ,,_Z,,_Z,,_Z,,PC,,L,,G1,,T0102,,1985-Q4,,0.599977251,,,,,,F,,1,,E,,0,,_Z,
DATAFLOW,OECD.SDD.NAD:DSD_NAMAIN1@DF_QNA_EXPENDITURE_GROWTH_OECD(1.1),,I,Q,,Y,,DEU,,S1,,S1,,B1GQ,,_Z,,_Z,,_Z,,PC,,L,,G1,,T0102,,1986-Q1,,-0.57204937,,,,,,F,,1,,E,,0,,_Z,
DATAFLOW,OECD.SDD.NAD:DSD_NAMAIN1@DF_QNA_EXPENDITURE_GROWTH_OECD(1.1),,I,Q,,Y,,DEU,,S1,,S1,,B1GQ,,_Z,,_Z,,_Z,,PC,,L,,G1,,T0102,,1986-Q2,,1.150684662,,,,,,F,,1,,E,,0,,_Z,
DATAFLOW,OECD.SDD.NAD:DSD_NAMAIN1@DF_QNA_EXPENDITURE_GROWTH_OECD(1.1),,I,Q,,Y,,DEU,,S1,,S1,,B1GQ,,_Z,,_Z,,_Z,,PC,,L,,G1,,T0102,,1986-Q3,,0.738239227,,,,,,F,,1,,E,,0,,_Z,
DATAFLOW,OECD.SDD.NAD:DSD_NAMAIN1@DF_QNA_EXPENDITURE_GROWTH_OECD(1.1),,I,Q,,Y,,DEU,,S1,,S1,,B1GQ,,_Z,,_Z,,_Z,,PC,,L,,G1,,T0102,,1986-Q4,,0.997108218,,,,,,F,,1,,E,,0,,_Z,
DATAFLOW,OECD.SDD.NAD:DSD_NAMAIN1@DF_QNA_EXPENDITURE_GROWTH_OECD(1.1),,I,Q,,Y,,DEU,,S1,,S1,,B1GQ,,_Z,,_Z,,_Z,,PC,,L,,G1,,T0102,,1987-Q1,,-2.509804892,,,,,,F,,1,,E,,0,,_Z,
DATAFLOW,OECD.SDD.NAD:DSD_NAMAIN1@DF_QNA_EXPENDITURE_GROWTH_OECD(1.1),,I,Q,,Y,,DEU,,S1,,S1,,B1GQ,,_Z,,_Z,,_Z,,PC,,L,,G1,,T0102,,1987-Q2,,2.244993958,,,,,,F,,1,,E,,0,,_Z,
DATAFLOW,OECD.SDD.NAD:DSD_NAMAIN1@DF_QNA_EXPENDITURE_GROWTH_OECD(1.1),,I,Q,,Y,,DEU,,S1,,S1,,B1GQ,,_Z,,_Z,,_Z,,PC,,L,,G1,,T0102,,1987-Q3,,0.69212071,,,,,,F,,1,,E,,0,,_Z,
DATAFLOW,OECD.SDD.NAD:DSD_NAMAIN1@DF_QNA_EXPENDITURE_GROWTH_OECD(1.1),,I,Q,,Y,,DEU,,S1,,S1,,B1GQ,,_Z,,_Z,,_Z,,PC,,L,,G1,,T0102,,1987-Q4,,1.599900168,,,,,,F,,1,,E,,0,,_Z,
DATAFLOW,OECD.SDD.NAD:DSD_NAMAIN1@DF_QNA_EXPENDITURE_GROWTH_OECD(1.1),,I,Q,,Y,,DEU,,S1,,S1,,B1GQ,,_Z,,_Z,,_Z,,PC,,L,,G1,,T0102,,1988-Q1,,-0.906972722,,,,,,F,,1,,E,,0,,_Z,
DATAFLOW,OECD.SDD.NAD:DSD_NAMAIN1@DF_QNA_EXPENDITURE_GROWTH_OECD(1.1),,I,Q,,Y,,DEU,,S1,,S1,,B1GQ,,_Z,,_Z,,_Z,,PC,,L,,G1,,T0102,,1988-Q2,,1.812832048,,,,,,F,,1,,E,,0,,_Z,
DATAFLOW,OECD.SDD.NAD:DSD_NAMAIN1@DF_QNA_EXPENDITURE_GROWTH_OECD(1.1),,I,Q,,Y,,DEU,,S1,,S1,,B1GQ,,_Z,,_Z,,_Z,,PC,,L,,G1,,T0102,,1988-Q3,,1.133075704,,,,,,F,,1,,E,,0,,_Z,
DATAFLOW,OECD.SDD.NAD:DSD_NAMAIN1@DF_QNA_EXPENDITURE_GROWTH_OECD(1.1),,I,Q,,Y,,DEU,,S1,,S1,,B1GQ,,_Z,,_Z,,_Z,,PC,,L,,G1,,T0102,,1988-Q4,,1.177546594,,,,,,F,,1,,E,,0,,_Z,
DATAFLOW,OECD.SDD.NAD:DSD_NAMAIN1@DF_QNA_EXPENDITURE_GROWTH_OECD(1.1),,I,Q,,Y,,DEU,,S1,,S1,,B1GQ,,_Z,,_Z,,_Z,,PC,,L,,G1,,T0102,,1989-Q1,,1.045142904,,,,,,F,,1,,E,,0,,_Z,
DATAFLOW,OECD.SDD.NAD:DSD_NAMAIN1@DF_QNA_EXPENDITURE_GROWTH_OECD(1.1),,I,Q,,Y,,DEU,,S1,,S1,,B1GQ,,_Z,,_Z,,_Z,,PC,,L,,G1,,T0102,,1989-Q2,,0.402547977,,,,,,F,,1,,E,,0,,_Z,
DATAFLOW,OECD.SDD.NAD:DSD_NAMAIN1@DF_QNA_EXPENDITURE_GROWTH_OECD(1.1),,I,Q,,Y,,DEU,,S1,,S1,,B1GQ,,_Z,,_Z,,_Z,,PC,,L,,G1,,T0102,,1989-Q3,,0.913245256,,,,,,F,,1,,E,,0,,_Z,
DATAFLOW,OECD.SDD.NAD:DSD_NAMAIN1@DF_QNA_EXPENDITURE_GROWTH_OECD(1.1),,I,Q,,Y,,DEU,,S1,,S1,,B1GQ,,_Z,,_Z,,_Z,,PC,,L,,G1,,T0102,,1989-Q4,,1.158805549,,,,,,F,,1,,E,,0,,_Z,
DATAFLOW,OECD.SDD.NAD:DSD_NAMAIN1@DF_QNA_EXPENDITURE_GROWTH_OECD(1.1),,I,Q,,Y,,DEU,,S1,,S1,,B1GQ,,_Z,,_Z,,_Z,,PC,,L,,G1,,T0102,,1990-Q1,,2.075706554,,,,,,F,,1,,E,,0,,_Z,
DATAFLOW,OECD.SDD.NAD:DSD_NAMAIN1@DF_QNA_EXPENDITURE_GROWTH_OECD(1.1),,I,Q,,Y,,DEU,,S1,,S1,,B1GQ,,_Z,,_Z,,_Z,,PC,,L,,G1,,T0102,,1990-Q2,,0.491660084,,,,,,F,,1,,E,,0,,_Z,
DATAFLOW,OECD.SDD.NAD:DSD_NAMAIN1@DF_QNA_EXPENDITURE_GROWTH_OECD(1.1),,I,Q,,Y,,DEU,,S1,,S1,,B1GQ,,_Z,,_Z,,_Z,,PC,,L,,G1,,T0102,,1990-Q3,,2.105934971,,,,,,F,,1,,E,,0,,_Z,
DATAFLOW,OECD.SDD.NAD:DSD_NAMAIN1@DF_QNA_EXPENDITURE_GROWTH_OECD(1.1),,I,Q,,Y,,DEU,,S1,,S1,,B1GQ,,_Z,,_Z,,_Z,,PC,,L,,G1,,T0102,,1990-Q4,,1.760421133,,,,,,F,,1,,E,,0,,_Z,
DATAFLOW,OECD.SDD.NAD:DSD_NAMAIN1@DF_QNA_EXPENDITURE_GROWTH_OECD(1.1),,I,Q,,Y,,DEU,,S1,,S1,,B1GQ,,_Z,,_Z,,_Z,,PC,,L,,GY,,T0102,,1961-Q1,,7.450289556,,,,,,F,,1,,E,,0,,_Z,
DATAFLOW,OECD.SDD.NAD:DSD_NAMAIN1@DF_QNA_EXPENDITURE_GROWTH_OECD(1.1),,I,Q,,Y,,DEU,,S1,,S1,,B1GQ,,_Z,,_Z,,_Z,,PC,,L,,GY,,T0102,,1961-Q2,,5.00209888,,,,,,F,,1,,E,,0,,_Z,
DATAFLOW,OECD.SDD.NAD:DSD_NAMAIN1@DF_QNA_EXPENDITURE_GROWTH_OECD(1.1),,I,Q,,Y,,DEU,,S1,,S1,,B1GQ,,_Z,,_Z,,_Z,,PC,,L,,GY,,T0102,,1961-Q3,,3.576950295,,,,,,F,,1,,E,,0,,_Z,
DATAFLOW,OECD.SDD.NAD:DSD_NAMAIN1@DF_QNA_EXPENDITURE_GROWTH_OECD(1.1),,I,Q,,Y,,DEU,,S1,,S1,,B1GQ,,_Z,,_Z,,_Z,,PC,,L,,GY,,T0102,,1961-Q4,,2.996160574,,,,,,F,,1,,E,,0,,_Z,
DATAFLOW,OECD.SDD.NAD:DSD_NAMAIN1@DF_QNA_EXPENDITURE_GROWTH_OECD(1.1),,I,Q,,Y,,DEU,,S1,,S1,,B1GQ,,_Z,,_Z,,_Z,,PC,,L,,GY,,T0102,,1962-Q1,,3.466854108,,,,,,F,,1,,E,,0,,_Z,
DATAFLOW,OECD.SDD.NAD:DSD_NAMAIN1@DF_QNA_EXPENDITURE_GROWTH_OECD(1.1),,I,Q,,Y,,DEU,,S1,,S1,,B1GQ,,_Z,,_Z,,_Z,,PC,,L,,GY,,T0102,,1962-Q2,,5.112241186,,,,,,F,,1,,E,,0,,_Z,
DATAFLOW,OECD.SDD.NAD:DSD_NAMAIN1@DF_QNA_EXPENDITURE_GROWTH_OECD(1.1),,I,Q,,Y,,DEU,,S1,,S1,,B1GQ,,_Z,,_Z,,_Z,,PC,,L,,GY,,T0102,,1962-Q3,,5.465212346,,,,,,F,,1,,E,,0,,_Z,
DATAFLOW,OECD.SDD.NAD:DSD_NAMAIN1@DF_QNA_EXPENDITURE_GROWTH_OECD(1.1),,I,Q,,Y,,DEU,,S1,,S1,,B1GQ,,_Z,,_Z,,_Z,,PC,,L,,GY,,T0102,,1962-Q4,,4.759933392,,,,,,F,,1,,E,,0,,_Z,
DATAFLOW,OECD.SDD.NAD:DSD_NAMAIN1@DF_QNA_EXPENDITURE_GROWTH_OECD(1.1),,I,Q,,Y,,DEU,,S1,,S1,,B1GQ,,_Z,,_Z,,_Z,,PC,,L,,GY,,T0102,,1963-Q1,,-0.372460846,,,,,,F,,1,,E,,0,,_Z,
DATAFLOW,OECD.SDD.NAD:DSD_NAMAIN1@DF_QNA_EXPENDITURE_GROWTH_OECD(1.1),,I,Q,,Y,,DEU,,S1,,S1,,B1GQ,,_Z,,_Z,,_Z,,PC,,L,,GY,,T0102,,1963-Q2,,3.02141052,,,,,,F,,1,,E,,0,,_Z,
DATAFLOW,OECD.SDD.NAD:DSD_NAMAIN1@DF_QNA_EXPENDITURE_GROWTH_OECD(1.1),,I,Q,,Y,,DEU,,S1,,S1,,B1GQ,,_Z,,_Z,,_Z,,PC,,L,,GY,,T0102,,1963-Q3,,4.102017033,,,,,,F,,1,,E,,0,,_Z,
DATAFLOW,OECD.SDD.NAD:DSD_NAMAIN1@DF_QNA_EXPENDITURE_GROWTH_OECD(1.1),,I,Q,,Y,,DEU,,S1,,S1,,B1GQ,,_Z,,_Z,,_Z,,PC,,L,,GY,,T0102,,1963-Q4,,4.832455357,,,,,,F,,1,,E,,0,,_Z,
DATAFLOW,OECD.SDD.NAD:DSD_NAMAIN1@DF_QNA_EXPENDITURE_GROWTH_OECD(1.1),,I,Q,,Y,,DEU,,S1,,S1,,B1GQ,,_Z,,_Z,,_Z,,PC,,L,,GY,,T0102,,1964-Q1,,10.127128404,,,,,,F,,1,,E,,0,,_Z,
DATAFLOW,OECD.SDD.NAD:DSD_NAMAIN1@DF_QNA_EXPENDITURE_GROWTH_OECD(1.1),,I,Q,,Y,,DEU,,S1,,S1,,B1GQ,,_Z,,_Z,,_Z,,PC,,L,,GY,,T0102,,1964-Q2,,6.688292601,,,,,,F,,1,,E,,0,,_Z,
DATAFLOW,OECD.SDD.NAD:DSD_NAMAIN1@DF_QNA_EXPENDITURE_GROWTH_OECD(1.1),,I,Q,,Y,,DEU,,S1,,S1,,B1GQ,,_Z,,_Z,,_Z,,PC,,L,,GY,,T0102,,1964-Q3,,4.182533938,,,,,,F,,1,,E,,0,,_Z,
DATAFLOW,OECD.SDD.NAD:DSD_NAMAIN1@DF_QNA_EXPENDITURE_GROWTH_OECD(1.1),,I,Q,,Y,,DEU,,S1,,S1,,B1GQ,,_Z,,_Z,,_Z,,PC,,L,,GY,,T0102,,1964-Q4,,5.091160602,,,,,,F,,1,,E,,0,,_Z,
DATAFLOW,OECD.SDD.NAD:DSD_NAMAIN1@DF_QNA_EXPENDITURE_GROWTH_OECD(1.1),,I,Q,,Y,,DEU,,S1,,S1,,B1GQ,,_Z,,_Z,,_Z,,PC,,L,,GY,,T0102,,1965-Q1,,5.361369982,,,,,,F,,1,,E,,0,,_Z,
DATAFLOW,OECD.SDD.NAD:DSD_NAMAIN1@DF_QNA_EXPENDITURE_GROWTH_OECD(1.1),,I,Q,,Y,,DEU,,S1,,S1,,B1GQ,,_Z,,_Z,,_Z,,PC,,L,,GY,,T0102,,1965-Q2,,5.732236512,,,,,,F,,1,,E,,0,,_Z,
DATAFLOW,OECD.SDD.NAD:DSD_NAMAIN1@DF_QNA_EXPENDITURE_GROWTH_OECD(1.1),,I,Q,,Y,,DEU,,S1,,S1,,B1GQ,,_Z,,_Z,,_Z,,PC,,L,,GY,,T0102,,1965-Q3,,5.341682654,,,,,,F,,1,,E,,0,,_Z,
DATAFLOW,OECD.SDD.NAD:DSD_NAMAIN1@DF_QNA_EXPENDITURE_GROWTH_OECD(1.1),,I,Q,,Y,,DEU,,S1,,S1,,B1GQ,,_Z,,_Z,,_Z,,PC,,L,,GY,,T0102,,1965-Q4,,4.549872774,,,,,,F,,1,,E,,0,,_Z,
DATAFLOW,OECD.SDD.NAD:DSD_NAMAIN1@DF_QNA_EXPENDITURE_GROWTH_OECD(1.1),,I,Q,,Y,,DEU,,S1,,S1,,B1GQ,,_Z,,_Z,,_Z,,PC,,L,,GY,,T0102,,1966-Q1,,4.73437015,,,,,,F,,1,,E,,0,,_Z,
DATAFLOW,OECD.SDD.NAD:DSD_NAMAIN1@DF_QNA_EXPENDITURE_GROWTH_OECD(1.1),,I,Q,,Y,,DEU,,S1,,S1,,B1GQ,,_Z,,_Z,,_Z,,PC,,L,,GY,,T0102,,1966-Q2,,3.424303762,,,,,,F,,1,,E,,0,,_Z,
DATAFLOW,OECD.SDD.NAD:DSD_NAMAIN1@DF_QNA_EXPENDITURE_GROWTH_OECD(1.1),,I,Q,,Y,,DEU,,S1,,S1,,B1GQ,,_Z,,_Z,,_Z,,PC,,L,,GY,,T0102,,1966-Q3,,2.866220447,,,,,,F,,1,,E,,0,,_Z,
DATAFLOW,OECD.SDD.NAD:DSD_NAMAIN1@DF_QNA_EXPENDITURE_GROWTH_OECD(1.1),,I,Q,,Y,,DEU,,S1,,S1,,B1GQ,,_Z,,_Z,,_Z,,PC,,L,,GY,,T0102,,1966-Q4,,0.657536009,,,,,,F,,1,,E,,0,,_Z,
DATAFLOW,OECD.SDD.NAD:DSD_NAMAIN1@DF_QNA_EXPENDITURE_GROWTH_OECD(1.1),,I,Q,,Y,,DEU,,S1,,S1,,B1GQ,,_Z,,_Z,,_Z,,PC,,L,,GY,,T0102,,1967-Q1,,-1.629790537,,,,,,F,,1,,E,,0,,_Z,
DATAFLOW,OECD.SDD.NAD:DSD_NAMAIN1@DF_QNA_EXPENDITURE_GROWTH_OECD(1.1),,I,Q,,Y,,DEU,,S1,,S1,,B1GQ,,_Z,,_Z,,_Z,,PC,,L,,GY,,T0102,,1967-Q2,,-2.237879279,,,,,,F,,1,,E,,0,,_Z,
DATAFLOW,OECD.SDD.NAD:DSD_NAMAIN1@DF_QNA_EXPENDITURE_GROWTH_OECD(1.1),,I,Q,,Y,,DEU,,S1,,S1,,B1GQ,,_Z,,_Z,,_Z,,PC,,L,,GY,,T0102,,1967-Q3,,0,,,,,,F,,1,,E,,0,,_Z,
DATAFLOW,OECD.SDD.NAD:DSD_NAMAIN1@DF_QNA_EXPENDITURE_GROWTH_OECD(1.1),,I,Q,,Y,,DEU,,S1,,S1,,B1GQ,,_Z,,_Z,,_Z,,PC,,L,,GY,,T0102,,1967-Q4,,2.892640581,,,,,,F,,1,,E,,0,,_Z,
DATAFLOW,OECD.SDD.NAD:DSD_NAMAIN1@DF_QNA_EXPENDITURE_GROWTH_OECD(1.1),,I,Q,,Y,,DEU,,S1,,S1,,B1GQ,,_Z,,_Z,,_Z,,PC,,L,,GY,,T0102,,1968-Q1,,4.617508884,,,,,,F,,1,,E,,0,,_Z,
DATAFLOW,OECD.SDD.NAD:DSD_NAMAIN1@DF_QNA_EXPENDITURE_GROWTH_OECD(1.1),,I,Q,,Y,,DEU,,S1,,S1,,B1GQ,,_Z,,_Z,,_Z,,PC,,L,,GY,,T0102,,1968-Q2,,5.761267217,,,,,,F,,1,,E,,0,,_Z,
DATAFLOW,OECD.SDD.NAD:DSD_NAMAIN1@DF_QNA_EXPENDITURE_GROWTH_OECD(1.1),,I,Q,,Y,,DEU,,S1,,S1,,B1GQ,,_Z,,_Z,,_Z,,PC,,L,,GY,,T0102,,1968-Q3,,5.534700242,,,,,,F,,1,,E,,0,,_Z,
DATAFLOW,OECD.SDD.NAD:DSD_NAMAIN1@DF_QNA_EXPENDITURE_GROWTH_OECD(1.1),,I,Q,,Y,,DEU,,S1,,S1,,B1GQ,,_Z,,_Z,,_Z,,PC,,L,,GY,,T0102,,1968-Q4,,5.767579384,,,,,,F,,1,,E,,0,,_Z,
DATAFLOW,OECD.SDD.NAD:DSD_NAMAIN1@DF_QNA_EXPENDITURE_GROWTH_OECD(1.1),,I,Q,,Y,,DEU,,S1,,S1,,B1GQ,,_Z,,_Z,,_Z,,PC,,L,,GY,,T0102,,1969-Q1,,7.174887892,,,,,,F,,1,,E,,0,,_Z,
DATAFLOW,OECD.SDD.NAD:DSD_NAMAIN1@DF_QNA_EXPENDITURE_GROWTH_OECD(1.1),,I,Q,,Y,,DEU,,S1,,S1,,B1GQ,,_Z,,_Z,,_Z,,PC,,L,,GY,,T0102,,1969-Q2,,7.71280633,,,,,,F,,1,,E,,0,,_Z,
DATAFLOW,OECD.SDD.NAD:DSD_NAMAIN1@DF_QNA_EXPENDITURE_GROWTH_OECD(1.1),,I,Q,,Y,,DEU,,S1,,S1,,B1GQ,,_Z,,_Z,,_Z,,PC,,L,,GY,,T0102,,1969-Q3,,7.663339108,,,,,,F,,1,,E,,0,,_Z,
DATAFLOW,OECD.SDD.NAD:DSD_NAMAIN1@DF_QNA_EXPENDITURE_GROWTH_OECD(1.1),,I,Q,,Y,,DEU,,S1,,S1,,B1GQ,,_Z,,_Z,,_Z,,PC,,L,,GY,,T0102,,1969-Q4,,7.692303547,,,,,,F,,1,,E,,0,,_Z,
DATAFLOW,OECD.SDD.NAD:DSD_NAMAIN1@DF_QNA_EXPENDITURE_GROWTH_OECD(1.1),,I,Q,,Y,,DEU,,S1,,S1,,B1GQ,,_Z,,_Z,,_Z,,PC,,L,,GY,,T0102,,1970-Q1,,3.372586353,,,,,,F,,1,,E,,0,,_Z,
DATAFLOW,OECD.SDD.NAD:DSD_NAMAIN1@DF_QNA_EXPENDITURE_GROWTH_OECD(1.1),,I,Q,,Y,,DEU,,S1,,S1,,B1GQ,,_Z,,_Z,,_Z,,PC,,L,,GY,,T0102,,1970-Q2,,6.120867916,,,,,,F,,1,,E,,0,,_Z,
DATAFLOW,OECD.SDD.NAD:DSD_NAMAIN1@DF_QNA_EXPENDITURE_GROWTH_OECD(1.1),,I,Q,,Y,,DEU,,S1,,S1,,B1GQ,,_Z,,_Z,,_Z,,PC,,L,,GY,,T0102,,1970-Q3,,5.82953727,,,,,,F,,1,,E,,0,,_Z,
DATAFLOW,OECD.SDD.NAD:DSD_NAMAIN1@DF_QNA_EXPENDITURE_GROWTH_OECD(1.1),,I,Q,,Y,,DEU,,S1,,S1,,B1GQ,,_Z,,_Z,,_Z,,PC,,L,,GY,,T0102,,1970-Q4,,5.111265622,,,,,,F,,1,,E,,0,,_Z,
DATAFLOW,OECD.SDD.NAD:DSD_NAMAIN1@DF_QNA_EXPENDITURE_GROWTH_OECD(1.1),,I,Q,,Y,,DEU,,S1,,S1,,B1GQ,,_Z,,_Z,,_Z,,PC,,L,,GY,,T0102,,1971-Q1,,4.763644266,,,,,,F,,1,,E,,0,,_Z,
DATAFLOW,OECD.SDD.NAD:DSD_NAMAIN1@DF_QNA_EXPENDITURE_GROWTH_OECD(1.1),,I,Q,,Y,,DEU,,S1,,S1,,B1GQ,,_Z,,_Z,,_Z,,PC,,L,,GY,,T0102,,1971-Q2,,2.872243992,,,,,,F,,1,,E,,0,,_Z,
DATAFLOW,OECD.SDD.NAD:DSD_NAMAIN1@DF_QNA_EXPENDITURE_GROWTH_OECD(1.1),,I,Q,,Y,,DEU,,S1,,S1,,B1GQ,,_Z,,_Z,,_Z,,PC,,L,,GY,,T0102,,1971-Q3,,2.733086207,,,,,,F,,1,,E,,0,,_Z,
DATAFLOW,OECD.SDD.NAD:DSD_NAMAIN1@DF_QNA_EXPENDITURE_GROWTH_OECD(1.1),,I,Q,,Y,,DEU,,S1,,S1,,B1GQ,,_Z,,_Z,,_Z,,PC,,L,,GY,,T0102,,1971-Q4,,1.783876414,,,,,,F,,1,,E,,0,,_Z,
DATAFLOW,OECD.SDD.NAD:DSD_NAMAIN1@DF_QNA_EXPENDITURE_GROWTH_OECD(1.1),,I,Q,,Y,,DEU,,S1,,S1,,B1GQ,,_Z,,_Z,,_Z,,PC,,L,,GY,,T0102,,1972-Q1,,3.882471449,,,,,,F,,1,,E,,0,,_Z,
DATAFLOW,OECD.SDD.NAD:DSD_NAMAIN1@DF_QNA_EXPENDITURE_GROWTH_OECD(1.1),,I,Q,,Y,,DEU,,S1,,S1,,B1GQ,,_Z,,_Z,,_Z,,PC,,L,,GY,,T0102,,1972-Q2,,3.408694186,,,,,,F,,1,,E,,0,,_Z,
DATAFLOW,OECD.SDD.NAD:DSD_NAMAIN1@DF_QNA_EXPENDITURE_GROWTH_OECD(1.1),,I,Q,,Y,,DEU,,S1,,S1,,B1GQ,,_Z,,_Z,,_Z,,PC,,L,,GY,,T0102,,1972-Q3,,4.024253738,,,,,,F,,1,,E,,0,,_Z,
DATAFLOW,OECD.SDD.NAD:DSD_NAMAIN1@DF_QNA_EXPENDITURE_GROWTH_OECD(1.1),,I,Q,,Y,,DEU,,S1,,S1,,B1GQ,,_Z,,_Z,,_Z,,PC,,L,,GY,,T0102,,1972-Q4,,5.729688259,,,,,,F,,1,,E,,0,,_Z,
DATAFLOW,OECD.SDD.NAD:DSD_NAMAIN1@DF_QNA_EXPENDITURE_GROWTH_OECD(1.1),,I,Q,,Y,,DEU,,S1,,S1,,B1GQ,,_Z,,_Z,,_Z,,PC,,L,,GY,,T0102,,1973-Q1,,7.083373504,,,,,,F,,1,,E,,0,,_Z,
DATAFLOW,OECD.SDD.NAD:DSD_NAMAIN1@DF_QNA_EXPENDITURE_GROWTH_OECD(1.1),,I,Q,,Y,,DEU,,S1,,S1,,B1GQ,,_Z,,_Z,,_Z,,PC,,L,,GY,,T0102,,1973-Q2,,6.141301924,,,,,,F,,1,,E,,0,,_Z,
DATAFLOW,OECD.SDD.NAD:DSD_NAMAIN1@DF_QNA_EXPENDITURE_GROWTH_OECD(1.1),,I,Q,,Y,,DEU,,S1,,S1,,B1GQ,,_Z,,_Z,,_Z,,PC,,L,,GY,,T0102,,1973-Q3,,4.058740116,,,,,,F,,1,,E,,0,,_Z,
DATAFLOW,OECD.SDD.NAD:DSD_NAMAIN1@DF_QNA_EXPENDITURE_GROWTH_OECD(1.1),,I,Q,,Y,,DEU,,S1,,S1,,B1GQ,,_Z,,_Z,,_Z,,PC,,L,,GY,,T0102,,1973-Q4,,2.721523921,,,,,,F,,1,,E,,0,,_Z,
DATAFLOW,OECD.SDD.NAD:DSD_NAMAIN1@DF_QNA_EXPENDITURE_GROWTH_OECD(1.1),,I,Q,,Y,,DEU,,S1,,S1,,B1GQ,,_Z,,_Z,,_Z,,PC,,L,,GY,,T0102,,1974-Q1,,2.177398816,,,,,,F,,1,,E,,0,,_Z,
DATAFLOW,OECD.SDD.NAD:DSD_NAMAIN1@DF_QNA_EXPENDITURE_GROWTH_OECD(1.1),,I,Q,,Y,,DEU,,S1,,S1,,B1GQ,,_Z,,_Z,,_Z,,PC,,L,,GY,,T0102,,1974-Q2,,1.349933281,,,,,,F,,1,,E,,0,,_Z,
DATAFLOW,OECD.SDD.NAD:DSD_NAMAIN1@DF_QNA_EXPENDITURE_GROWTH_OECD(1.1),,I,Q,,Y,,DEU,,S1,,S1,,B1GQ,,_Z,,_Z,,_Z,,PC,,L,,GY,,T0102,,1974-Q3,,1.018885974,,,,,,F,,1,,E,,0,,_Z,
DATAFLOW,OECD.SDD.NAD:DSD_NAMAIN1@DF_QNA_EXPENDITURE_GROWTH_OECD(1.1),,I,Q,,Y,,DEU,,S1,,S1,,B1GQ,,_Z,,_Z,,_Z,,PC,,L,,GY,,T0102,,1974-Q4,,-0.504300806,,,,,,F,,1,,E,,0,,_Z,
DATAFLOW,OECD.SDD.NAD:DSD_NAMAIN1@DF_QNA_EXPENDITURE_GROWTH_OECD(1.1),,I,Q,,Y,,DEU,,S1,,S1,,B1GQ,,_Z,,_Z,,_Z,,PC,,L,,GY,,T0102,,1975-Q1,,-1.907951274,,,,,,F,,1,,E,,0,,_Z,
DATAFLOW,OECD.SDD.NAD:DSD_NAMAIN1@DF_QNA_EXPENDITURE_GROWTH_OECD(1.1),,I,Q,,Y,,DEU,,S1,,S1,,B1GQ,,_Z,,_Z,,_Z,,PC,,L,,GY,,T0102,,1975-Q2,,-2.325179236,,,,,,F,,1,,E,,0,,_Z,
DATAFLOW,OECD.SDD.NAD:DSD_NAMAIN1@DF_QNA_EXPENDITURE_GROWTH_OECD(1.1),,I,Q,,Y,,DEU,,S1,,S1,,B1GQ,,_Z,,_Z,,_Z,,PC,,L,,GY,,T0102,,1975-Q3,,-1.262668305,,,,,,F,,1,,E,,0,,_Z,
DATAFLOW,OECD.SDD.NAD:DSD_NAMAIN1@DF_QNA_EXPENDITURE_GROWTH_OECD(1.1),,I,Q,,Y,,DEU,,S1,,S1,,B1GQ,,_Z,,_Z,,_Z,,PC,,L,,GY,,T0102,,1975-Q4,,1.965095402,,,,,,F,,1,,E,,0,,_Z,
DATAFLOW,OECD.SDD.NAD:DSD_NAMAIN1@DF_QNA_EXPENDITURE_GROWTH_OECD(1.1),,I,Q,,Y,,DEU,,S1,,S1,,B1GQ,,_Z,,_Z,,_Z,,PC,,L,,GY,,T0102,,1976-Q1,,3.478330696,,,,,,F,,1,,E,,0,,_Z,
DATAFLOW,OECD.SDD.NAD:DSD_NAMAIN1@DF_QNA_EXPENDITURE_GROWTH_OECD(1.1),,I,Q,,Y,,DEU,,S1,,S1,,B1GQ,,_Z,,_Z,,_Z,,PC,,L,,GY,,T0102,,1976-Q2,,5.545306249,,,,,,F,,1,,E,,0,,_Z,
DATAFLOW,OECD.SDD.NAD:DSD_NAMAIN1@DF_QNA_EXPENDITURE_GROWTH_OECD(1.1),,I,Q,,Y,,DEU,,S1,,S1,,B1GQ,,_Z,,_Z,,_Z,,PC,,L,,GY,,T0102,,1976-Q3,,4.440716158,,,,,,F,,1,,E,,0,,_Z,
DATAFLOW,OECD.SDD.NAD:DSD_NAMAIN1@DF_QNA_EXPENDITURE_GROWTH_OECD(1.1),,I,Q,,Y,,DEU,,S1,,S1,,B1GQ,,_Z,,_Z,,_Z,,PC,,L,,GY,,T0102,,1976-Q4,,4.324485654,,,,,,F,,1,,E,,0,,_Z,
DATAFLOW,OECD.SDD.NAD:DSD_NAMAIN1@DF_QNA_EXPENDITURE_GROWTH_OECD(1.1),,I,Q,,Y,,DEU,,S1,,S1,,B1GQ,,_Z,,_Z,,_Z,,PC,,L,,GY,,T0102,,1977-Q1,,4.278412874,,,,,,F,,1,,E,,0,,_Z,
DATAFLOW,OECD.SDD.NAD:DSD_NAMAIN1@DF_QNA_EXPENDITURE_GROWTH_OECD(1.1),,I,Q,,Y,,DEU,,S1,,S1,,B1GQ,,_Z,,_Z,,_Z,,PC,,L,,GY,,T0102,,1977-Q2,,3.334567951,,,,,,F,,1,,E,,0,,_Z,
DATAFLOW,OECD.SDD.NAD:DSD_NAMAIN1@DF_QNA_EXPENDITURE_GROWTH_OECD(1.1),,I,Q,,Y,,DEU,,S1,,S1,,B1GQ,,_Z,,_Z,,_Z,,PC,,L,,GY,,T0102,,1977-Q3,,3.273852452,,,,,,F,,1,,E,,0,,_Z,
DATAFLOW,OECD.SDD.NAD:DSD_NAMAIN1@DF_QNA_EXPENDITURE_GROWTH_OECD(1.1),,I,Q,,Y,,DEU,,S1,,S1,,B1GQ,,_Z,,_Z,,_Z,,PC,,L,,GY,,T0102,,1977-Q4,,3.141081054,,,,,,F,,1,,E,,0,,_Z,
DATAFLOW,OECD.SDD.NAD:DSD_NAMAIN1@DF_QNA_EXPENDITURE_GROWTH_OECD(1.1),,I,Q,,Y,,DEU,,S1,,S1,,B1GQ,,_Z,,_Z,,_Z,,PC,,L,,GY,,T0102,,1978-Q1,,2.689233198,,,,,,F,,1,,E,,0,,_Z,
DATAFLOW,OECD.SDD.NAD:DSD_NAMAIN1@DF_QNA_EXPENDITURE_GROWTH_OECD(1.1),,I,Q,,Y,,DEU,,S1,,S1,,B1GQ,,_Z,,_Z,,_Z,,PC,,L,,GY,,T0102,,1978-Q2,,2.515066682,,,,,,F,,1,,E,,0,,_Z,
DATAFLOW,OECD.SDD.NAD:DSD_NAMAIN1@DF_QNA_EXPENDITURE_GROWTH_OECD(1.1),,I,Q,,Y,,DEU,,S1,,S1,,B1GQ,,_Z,,_Z,,_Z,,PC,,L,,GY,,T0102,,1978-Q3,,3.889417618,,,,,,F,,1,,E,,0,,_Z,
DATAFLOW,OECD.SDD.NAD:DSD_NAMAIN1@DF_QNA_EXPENDITURE_GROWTH_OECD(1.1),,I,Q,,Y,,DEU,,S1,,S1,,B1GQ,,_Z,,_Z,,_Z,,PC,,L,,GY,,T0102,,1978-Q4,,3.326126341,,,,,,F,,1,,E,,0,,_Z,
DATAFLOW,OECD.SDD.NAD:DSD_NAMAIN1@DF_QNA_EXPENDITURE_GROWTH_OECD(1.1),,I,Q,,Y,,DEU,,S1,,S1,,B1GQ,,_Z,,_Z,,_Z,,PC,,L,,GY,,T0102,,1979-Q1,,3.029295309,,,,,,F,,1,,E,,0,,_Z,
DATAFLOW,OECD.SDD.NAD:DSD_NAMAIN1@DF_QNA_EXPENDITURE_GROWTH_OECD(1.1),,I,Q,,Y,,DEU,,S1,,S1,,B1GQ,,_Z,,_Z,,_Z,,PC,,L,,GY,,T0102,,1979-Q2,,5.809207278,,,,,,F,,1,,E,,0,,_Z,
DATAFLOW,OECD.SDD.NAD:DSD_NAMAIN1@DF_QNA_EXPENDITURE_GROWTH_OECD(1.1),,I,Q,,Y,,DEU,,S1,,S1,,B1GQ,,_Z,,_Z,,_Z,,PC,,L,,GY,,T0102,,1979-Q3,,4.439655589,,,,,,F,,1,,E,,0,,_Z,
DATAFLOW,OECD.SDD.NAD:DSD_NAMAIN1@DF_QNA_EXPENDITURE_GROWTH_OECD(1.1),,I,Q,,Y,,DEU,,S1,,S1,,B1GQ,,_Z,,_Z,,_Z,,PC,,L,,GY,,T0102,,1979-Q4,,3.865566592,,,,,,F,,1,,E,,0,,_Z,
DATAFLOW,OECD.SDD.NAD:DSD_NAMAIN1@DF_QNA_EXPENDITURE_GROWTH_OECD(1.1),,I,Q,,Y,,DEU,,S1,,S1,,B1GQ,,_Z,,_Z,,_Z,,PC,,L,,GY,,T0102,,1980-Q1,,4.568469121,,,,,,F,,1,,E,,0,,_Z,
DATAFLOW,OECD.SDD.NAD:DSD_NAMAIN1@DF_QNA_EXPENDITURE_GROWTH_OECD(1.1),,I,Q,,Y,,DEU,,S1,,S1,,B1GQ,,_Z,,_Z,,_Z,,PC,,L,,GY,,T0102,,1980-Q2,,0.76620879,,,,,,F,,1,,E,,0,,_Z,
DATAFLOW,OECD.SDD.NAD:DSD_NAMAIN1@DF_QNA_EXPENDITURE_GROWTH_OECD(1.1),,I,Q,,Y,,DEU,,S1,,S1,,B1GQ,,_Z,,_Z,,_Z,,PC,,L,,GY,,T0102,,1980-Q3,,0.366439143,,,,,,F,,1,,E,,0,,_Z,
DATAFLOW,OECD.SDD.NAD:DSD_NAMAIN1@DF_QNA_EXPENDITURE_GROWTH_OECD(1.1),,I,Q,,Y,,DEU,,S1,,S1,,B1GQ,,_Z,,_Z,,_Z,,PC,,L,,GY,,T0102,,1980-Q4,,-0.377486719,,,,,,F,,1,,E,,0,,_Z,
DATAFLOW,OECD.SDD.NAD:DSD_NAMAIN1@DF_QNA_EXPENDITURE_GROWTH_OECD(1.1),,I,Q,,Y,,DEU,,S1,,S1,,B1GQ,,_Z,,_Z,,_Z,,PC,,L,,GY,,T0102,,1981-Q1,,0.006600282,,,,,,F,,1,,E,,0,,_Z,
DATAFLOW,OECD.SDD.NAD:DSD_NAMAIN1@DF_QNA_EXPENDITURE_GROWTH_OECD(1.1),,I,Q,,Y,,DEU,,S1,,S1,,B1GQ,,_Z,,_Z,,_Z,,PC,,L,,GY,,T0102,,1981-Q2,,0.403350474,,,,,,F,,1,,E,,0,,_Z,
DATAFLOW,OECD.SDD.NAD:DSD_NAMAIN1@DF_QNA_EXPENDITURE_GROWTH_OECD(1.1),,I,Q,,Y,,DEU,,S1,,S1,,B1GQ,,_Z,,_Z,,_Z,,PC,,L,,GY,,T0102,,1981-Q3,,1.068809572,,,,,,F,,1,,E,,0,,_Z,
DATAFLOW,OECD.SDD.NAD:DSD_NAMAIN1@DF_QNA_EXPENDITURE_GROWTH_OECD(1.1),,I,Q,,Y,,DEU,,S1,,S1,,B1GQ,,_Z,,_Z,,_Z,,PC,,L,,GY,,T0102,,1981-Q4,,1.123386978,,,,,,F,,1,,E,,0,,_Z,
DATAFLOW,OECD.SDD.NAD:DSD_NAMAIN1@DF_QNA_EXPENDITURE_GROWTH_OECD(1.1),,I,Q,,Y,,DEU,,S1,,S1,,B1GQ,,_Z,,_Z,,_Z,,PC,,L,,GY,,T0102,,1982-Q1,,0.308726571,,,,,,F,,1,,E,,0,,_Z,
DATAFLOW,OECD.SDD.NAD:DSD_NAMAIN1@DF_QNA_EXPENDITURE_GROWTH_OECD(1.1),,I,Q,,Y,,DEU,,S1,,S1,,B1GQ,,_Z,,_Z,,_Z,,PC,,L,,GY,,T0102,,1982-Q2,,-0.059283061,,,,,,F,,1,,E,,0,,_Z,
DATAFLOW,OECD.SDD.NAD:DSD_NAMAIN1@DF_QNA_EXPENDITURE_GROWTH_OECD(1.1),,I,Q,,Y,,DEU,,S1,,S1,,B1GQ,,_Z,,_Z,,_Z,,PC,,L,,GY,,T0102,,1982-Q3,,-1.307091516,,,,,,F,,1,,E,,0,,_Z,
DATAFLOW,OECD.SDD.NAD:DSD_NAMAIN1@DF_QNA_EXPENDITURE_GROWTH_OECD(1.1),,I,Q,,Y,,DEU,,S1,,S1,,B1GQ,,_Z,,_Z,,_Z,,PC,,L,,GY,,T0102,,1982-Q4,,-0.992585298,,,,,,F,,1,,E,,0,,_Z,
DATAFLOW,OECD.SDD.NAD:DSD_NAMAIN1@DF_QNA_EXPENDITURE_GROWTH_OECD(1.1),,I,Q,,Y,,DEU,,S1,,S1,,B1GQ,,_Z,,_Z,,_Z,,PC,,L,,GY,,T0102,,1983-Q1,,-0.468227457,,,,,,F,,1,,E,,0,,_Z,
DATAFLOW,OECD.SDD.NAD:DSD_NAMAIN1@DF_QNA_EXPENDITURE_GROWTH_OECD(1.1),,I,Q,,Y,,DEU,,S1,,S1,,B1GQ,,_Z,,_Z,,_Z,,PC,,L,,GY,,T0102,,1983-Q2,,1.202617374,,,,,,F,,1,,E,,0,,_Z,
DATAFLOW,OECD.SDD.NAD:DSD_NAMAIN1@DF_QNA_EXPENDITURE_GROWTH_OECD(1.1),,I,Q,,Y,,DEU,,S1,,S1,,B1GQ,,_Z,,_Z,,_Z,,PC,,L,,GY,,T0102,,1983-Q3,,1.999914709,,,,,,F,,1,,E,,0,,_Z,
DATAFLOW,OECD.SDD.NAD:DSD_NAMAIN1@DF_QNA_EXPENDITURE_GROWTH_OECD(1.1),,I,Q,,Y,,DEU,,S1,,S1,,B1GQ,,_Z,,_Z,,_Z,,PC,,L,,GY,,T0102,,1983-Q4,,3.16368421,,,,,,F,,1,,E,,0,,_Z,
DATAFLOW,OECD.SDD.NAD:DSD_NAMAIN1@DF_QNA_EXPENDITURE_GROWTH_OECD(1.1),,I,Q,,Y,,DEU,,S1,,S1,,B1GQ,,_Z,,_Z,,_Z,,PC,,L,,GY,,T0102,,1984-Q1,,3.589300546,,,,,,F,,1,,E,,0,,_Z,
DATAFLOW,OECD.SDD.NAD:DSD_NAMAIN1@DF_QNA_EXPENDITURE_GROWTH_OECD(1.1),,I,Q,,Y,,DEU,,S1,,S1,,B1GQ,,_Z,,_Z,,_Z,,PC,,L,,GY,,T0102,,1984-Q2,,0.895351673,,,,,,F,,1,,E,,0,,_Z,
DATAFLOW,OECD.SDD.NAD:DSD_NAMAIN1@DF_QNA_EXPENDITURE_GROWTH_OECD(1.1),,I,Q,,Y,,DEU,,S1,,S1,,B1GQ,,_Z,,_Z,,_Z,,PC,,L,,GY,,T0102,,1984-Q3,,3.859431868,,,,,,F,,1,,E,,0,,_Z,
DATAFLOW,OECD.SDD.NAD:DSD_NAMAIN1@DF_QNA_EXPENDITURE_GROWTH_OECD(1.1),,I,Q,,Y,,DEU,,S1,,S1,,B1GQ,,_Z,,_Z,,_Z,,PC,,L,,GY,,T0102,,1984-Q4,,3.304747767,,,,,,F,,1,,E,,0,,_Z,
DATAFLOW,OECD.SDD.NAD:DSD_NAMAIN1@DF_QNA_EXPENDITURE_GROWTH_OECD(1.1),,I,Q,,Y,,DEU,,S1,,S1,,B1GQ,,_Z,,_Z,,_Z,,PC,,L,,GY,,T0102,,1985-Q1,,1.400567503,,,,,,F,,1,,E,,0,,_Z,
DATAFLOW,OECD.SDD.NAD:DSD_NAMAIN1@DF_QNA_EXPENDITURE_GROWTH_OECD(1.1),,I,Q,,Y,,DEU,,S1,,S1,,B1GQ,,_Z,,_Z,,_Z,,PC,,L,,GY,,T0102,,1985-Q2,,4.055948585,,,,,,F,,1,,E,,0,,_Z,
DATAFLOW,OECD.SDD.NAD:DSD_NAMAIN1@DF_QNA_EXPENDITURE_GROWTH_OECD(1.1),,I,Q,,Y,,DEU,,S1,,S1,,B1GQ,,_Z,,_Z,,_Z,,PC,,L,,GY,,T0102,,1985-Q3,,2.616635647,,,,,,F,,1,,E,,0,,_Z,
DATAFLOW,OECD.SDD.NAD:DSD_NAMAIN1@DF_QNA_EXPENDITURE_GROWTH_OECD(1.1),,I,Q,,Y,,DEU,,S1,,S1,,B1GQ,,_Z,,_Z,,_Z,,PC,,L,,GY,,T0102,,1985-Q4,,2.370542268,,,,,,F,,1,,E,,0,,_Z,
DATAFLOW,OECD.SDD.NAD:DSD_NAMAIN1@DF_QNA_EXPENDITURE_GROWTH_OECD(1.1),,I,Q,,Y,,DEU,,S1,,S1,,B1GQ,,_Z,,_Z,,_Z,,PC,,L,,GY,,T0102,,1986-Q1,,2.342772922,,,,,,F,,1,,E,,0,,_Z,
DATAFLOW,OECD.SDD.NAD:DSD_NAMAIN1@DF_QNA_EXPENDITURE_GROWTH_OECD(1.1),,I,Q,,Y,,DEU,,S1,,S1,,B1GQ,,_Z,,_Z,,_Z,,PC,,L,,GY,,T0102,,1986-Q2,,2.493179711,,,,,,F,,1,,E,,0,,_Z,
DATAFLOW,OECD.SDD.NAD:DSD_NAMAIN1@DF_QNA_EXPENDITURE_GROWTH_OECD(1.1),,I,Q,,Y,,DEU,,S1,,S1,,B1GQ,,_Z,,_Z,,_Z,,PC,,L,,GY,,T0102,,1986-Q3,,1.922379197,,,,,,F,,1,,E,,0,,_Z,
DATAFLOW,OECD.SDD.NAD:DSD_NAMAIN1@DF_QNA_EXPENDITURE_GROWTH_OECD(1.1),,I,Q,,Y,,DEU,,S1,,S1,,B1GQ,,_Z,,_Z,,_Z,,PC,,L,,GY,,T0102,,1986-Q4,,2.32473051,,,,,,F,,1,,E,,0,,_Z,
DATAFLOW,OECD.SDD.NAD:DSD_NAMAIN1@DF_QNA_EXPENDITURE_GROWTH_OECD(1.1),,I,Q,,Y,,DEU,,S1,,S1,,B1GQ,,_Z,,_Z,,_Z,,PC,,L,,GY,,T0102,,1987-Q1,,0.330519523,,,,,,F,,1,,E,,0,,_Z,
DATAFLOW,OECD.SDD.NAD:DSD_NAMAIN1@DF_QNA_EXPENDITURE_GROWTH_OECD(1.1),,I,Q,,Y,,DEU,,S1,,S1,,B1GQ,,_Z,,_Z,,_Z,,PC,,L,,GY,,T0102,,1987-Q2,,1.415955776,,,,,,F,,1,,E,,0,,_Z,
DATAFLOW,OECD.SDD.NAD:DSD_NAMAIN1@DF_QNA_EXPENDITURE_GROWTH_OECD(1.1),,I,Q,,Y,,DEU,,S1,,S1,,B1GQ,,_Z,,_Z,,_Z,,PC,,L,,GY,,T0102,,1987-Q3,,1.369526997,,,,,,F,,1,,E,,0,,_Z,
DATAFLOW,OECD.SDD.NAD:DSD_NAMAIN1@DF_QNA_EXPENDITURE_GROWTH_OECD(1.1),,I,Q,,Y,,DEU,,S1,,S1,,B1GQ,,_Z,,_Z,,_Z,,PC,,L,,GY,,T0102,,1987-Q4,,1.974541695,,,,,,F,,1,,E,,0,,_Z,
DATAFLOW,OECD.SDD.NAD:DSD_NAMAIN1@DF_QNA_EXPENDITURE_GROWTH_OECD(1.1),,I,Q,,Y,,DEU,,S1,,S1,,B1GQ,,_Z,,_Z,,_Z,,PC,,L,,GY,,T0102,,1988-Q1,,3.651100816,,,,,,F,,1,,E,,0,,_Z,
DATAFLOW,OECD.SDD.NAD:DSD_NAMAIN1@DF_QNA_EXPENDITURE_GROWTH_OECD(1.1),,I,Q,,Y,,DEU,,S1,,S1,,B1GQ,,_Z,,_Z,,_Z,,PC,,L,,GY,,T0102,,1988-Q2,,3.212995673,,,,,,F,,1,,E,,0,,_Z,
DATAFLOW,OECD.SDD.NAD:DSD_NAMAIN1@DF_QNA_EXPENDITURE_GROWTH_OECD(1.1),,I,Q,,Y,,DEU,,S1,,S1,,B1GQ,,_Z,,_Z,,_Z,,PC,,L,,GY,,T0102,,1988-Q3,,3.664990184,,,,,,F,,1,,E,,0,,_Z,
DATAFLOW,OECD.SDD.NAD:DSD_NAMAIN1@DF_QNA_EXPENDITURE_GROWTH_OECD(1.1),,I,Q,,Y,,DEU,,S1,,S1,,B1GQ,,_Z,,_Z,,_Z,,PC,,L,,GY,,T0102,,1988-Q4,,3.234051974,,,,,,F,,1,,E,,0,,_Z,
DATAFLOW,OECD.SDD.NAD:DSD_NAMAIN1@DF_QNA_EXPENDITURE_GROWTH_OECD(1.1),,I,Q,,Y,,DEU,,S1,,S1,,B1GQ,,_Z,,_Z,,_Z,,PC,,L,,GY,,T0102,,1989-Q1,,5.267745076,,,,,,F,,1,,E,,0,,_Z,
DATAFLOW,OECD.SDD.NAD:DSD_NAMAIN1@DF_QNA_EXPENDITURE_GROWTH_OECD(1.1),,I,Q,,Y,,DEU,,S1,,S1,,B1GQ,,_Z,,_Z,,_Z,,PC,,L,,GY,,T0102,,1989-Q2,,3.809604476,,,,,,F,,1,,E,,0,,_Z,
DATAFLOW,OECD.SDD.NAD:DSD_NAMAIN1@DF_QNA_EXPENDITURE_GROWTH_OECD(1.1),,I,Q,,Y,,DEU,,S1,,S1,,B1GQ,,_Z,,_Z,,_Z,,PC,,L,,GY,,T0102,,1989-Q3,,3.583956124,,,,,,F,,1,,E,,0,,_Z,
DATAFLOW,OECD.SDD.NAD:DSD_NAMAIN1@DF_QNA_EXPENDITURE_GROWTH_OECD(1.1),,I,Q,,Y,,DEU,,S1,,S1,,B1GQ,,_Z,,_Z,,_Z,,PC,,L,,GY,,T0102,,1989-Q4,,3.564769341,,,,,,F,,1,,E,,0,,_Z,
DATAFLOW,OECD.SDD.NAD:DSD_NAMAIN1@DF_QNA_EXPENDITURE_GROWTH_OECD(1.1),,I,Q,,Y,,DEU,,S1,,S1,,B1GQ,,_Z,,_Z,,_Z,,PC,,L,,GY,,T0102,,1990-Q1,,4.621030767,,,,,,F,,1,,E,,0,,_Z,
DATAFLOW,OECD.SDD.NAD:DSD_NAMAIN1@DF_QNA_EXPENDITURE_GROWTH_OECD(1.1),,I,Q,,Y,,DEU,,S1,,S1,,B1GQ,,_Z,,_Z,,_Z,,PC,,L,,GY,,T0102,,1990-Q2,,4.713886981,,,,,,F,,1,,E,,0,,_Z,
DATAFLOW,OECD.SDD.NAD:DSD_NAMAIN1@DF_QNA_EXPENDITURE_GROWTH_OECD(1.1),,I,Q,,Y,,DEU,,S1,,S1,,B1GQ,,_Z,,_Z,,_Z,,PC,,L,,GY,,T0102,,1990-Q3,,5.951496332,,,,,,F,,1,,E,,0,,_Z,
DATAFLOW,OECD.SDD.NAD:DSD_NAMAIN1@DF_QNA_EXPENDITURE_GROWTH_OECD(1.1),,I,Q,,Y,,DEU,,S1,,S1,,B1GQ,,_Z,,_Z,,_Z,,PC,,L,,GY,,T0102,,1990-Q4,,6.581615193,,,,,,F,,1,,E,,0,,_Z,
DATAFLOW,OECD.SDD.NAD:DSD_NAMAIN1@DF_QNA_EXPENDITURE_GROWTH_OECD(1.1),,I,Q,,Y,,DEU,,S1,,S1,,B1GQ,,_Z,,_Z,,_Z,,PC,,L,,GY,,T0102,,2022-Q1,,3.688034977,,,,,,F,,1,,P,,0,,_Z,
DATAFLOW,OECD.SDD.NAD:DSD_NAMAIN1@DF_QNA_EXPENDITURE_GROWTH_OECD(1.1),,I,Q,,Y,,DEU,,S1,,S1,,B1GQ,,_Z,,_Z,,_Z,,PC,,L,,G1,,T0102,,2022-Q1,,0.677998691,,,,,,F,,1,,P,,0,,_Z,
DATAFLOW,OECD.SDD.NAD:DSD_NAMAIN1@DF_QNA_EXPENDITURE_GROWTH_OECD(1.1),,I,Q,,Y,,DEU,,S1,,S1,,B1GQ,,_Z,,_Z,,_Z,,PC,,L,,G1,,T0102,,2022-Q2,,0.151757481,,,,,,F,,1,,P,,0,,_Z,
DATAFLOW,OECD.SDD.NAD:DSD_NAMAIN1@DF_QNA_EXPENDITURE_GROWTH_OECD(1.1),,I,Q,,Y,,DEU,,S1,,S1,,B1GQ,,_Z,,_Z,,_Z,,PC,,L,,GY,,T0102,,2022-Q2,,1.460550216,,,,,,F,,1,,P,,0,,_Z,
DATAFLOW,OECD.SDD.NAD:DSD_NAMAIN1@DF_QNA_EXPENDITURE_GROWTH_OECD(1.1),,I,Q,,Y,,DEU,,S1,,S1,,B1GQ,,_Z,,_Z,,_Z,,PC,,L,,GY,,T0102,,2022-Q3,,1.670504442,,,,,,F,,1,,P,,0,,_Z,
DATAFLOW,OECD.SDD.NAD:DSD_NAMAIN1@DF_QNA_EXPENDITURE_GROWTH_OECD(1.1),,I,Q,,Y,,DEU,,S1,,S1,,B1GQ,,_Z,,_Z,,_Z,,PC,,L,,G1,,T0102,,2022-Q3,,0.293588631,,,,,,F,,1,,P,,0,,_Z,
DATAFLOW,OECD.SDD.NAD:DSD_NAMAIN1@DF_QNA_EXPENDITURE_GROWTH_OECD(1.1),,I,Q,,Y,,DEU,,S1,,S1,,B1GQ,,_Z,,_Z,,_Z,,PC,,L,,G1,,T0102,,2022-Q4,,-0.349383371,,,,,,F,,1,,P,,0,,_Z,
DATAFLOW,OECD.SDD.NAD:DSD_NAMAIN1@DF_QNA_EXPENDITURE_GROWTH_OECD(1.1),,I,Q,,Y,,DEU,,S1,,S1,,B1GQ,,_Z,,_Z,,_Z,,PC,,L,,GY,,T0102,,2022-Q4,,0.77349254,,,,,,F,,1,,P,,0,,_Z,
DATAFLOW,OECD.SDD.NAD:DSD_NAMAIN1@DF_QNA_EXPENDITURE_GROWTH_OECD(1.1),,I,Q,,Y,,DEU,,S1,,S1,,B1GQ,,_Z,,_Z,,_Z,,PC,,L,,GY,,T0102,,2023-Q1,,-0.377027079,,,,,,F,,1,,P,,0,,_Z,
DATAFLOW,OECD.SDD.NAD:DSD_NAMAIN1@DF_QNA_EXPENDITURE_GROWTH_OECD(1.1),,I,Q,,Y,,DEU,,S1,,S1,,B1GQ,,_Z,,_Z,,_Z,,PC,,L,,G1,,T0102,,2023-Q1,,-0.471430686,,,,,,F,,1,,P,,0,,_Z,
DATAFLOW,OECD.SDD.NAD:DSD_NAMAIN1@DF_QNA_EXPENDITURE_GROWTH_OECD(1.1),,I,Q,,Y,,DEU,,S1,,S1,,B1GQ,,_Z,,_Z,,_Z,,PC,,L,,G1,,T0102,,2023-Q2,,-0.076170873,,,,,,F,,1,,P,,0,,_Z,
DATAFLOW,OECD.SDD.NAD:DSD_NAMAIN1@DF_QNA_EXPENDITURE_GROWTH_OECD(1.1),,I,Q,,Y,,DEU,,S1,,S1,,B1GQ,,_Z,,_Z,,_Z,,PC,,L,,GY,,T0102,,2023-Q2,,-0.60375201,,,,,,F,,1,,P,,0,,_Z,
DATAFLOW,OECD.SDD.NAD:DSD_NAMAIN1@DF_QNA_EXPENDITURE_GROWTH_OECD(1.1),,I,Q,,Y,,DEU,,S1,,S1,,B1GQ,,_Z,,_Z,,_Z,,PC,,L,,GY,,T0102,,2023-Q3,,-0.894709485,,,,,,F,,1,,P,,0,,_Z,
DATAFLOW,OECD.SDD.NAD:DSD_NAMAIN1@DF_QNA_EXPENDITURE_GROWTH_OECD(1.1),,I,Q,,Y,,DEU,,S1,,S1,,B1GQ,,_Z,,_Z,,_Z,,PC,,L,,G1,,T0102,,2023-Q3,,4.418E-06,,,,,,F,,1,,P,,0,,_Z,
DATAFLOW,OECD.SDD.NAD:DSD_NAMAIN1@DF_QNA_EXPENDITURE_GROWTH_OECD(1.1),,I,Q,,Y,,DEU,,S1,,S1,,B1GQ,,_Z,,_Z,,_Z,,PC,,L,,G1,,T0102,,2023-Q4,,-0.276321878,,,,,,F,,1,,P,,0,,_Z,
DATAFLOW,OECD.SDD.NAD:DSD_NAMAIN1@DF_QNA_EXPENDITURE_GROWTH_OECD(1.1),,I,Q,,Y,,DEU,,S1,,S1,,B1GQ,,_Z,,_Z,,_Z,,PC,,L,,GY,,T0102,,2023-Q4,,-0.822047812,,,,,,F,,1,,P,,0,,_Z,
DATAFLOW,OECD.SDD.NAD:DSD_NAMAIN1@DF_QNA_EXPENDITURE_GROWTH_OECD(1.1),,I,Q,,Y,,DEU,,S1,,S1,,B1GQ,,_Z,,_Z,,_Z,,PC,,L,,G1,,T0102,,2024-Q2,,-0.258253405,,,,,,F,,1,,P,,0,,_Z,
DATAFLOW,OECD.SDD.NAD:DSD_NAMAIN1@DF_QNA_EXPENDITURE_GROWTH_OECD(1.1),,I,Q,,Y,,DEU,,S1,,S1,,B1GQ,,_Z,,_Z,,_Z,,PC,,L,,GY,,T0102,,2024-Q2,,-0.640764644,,,,,,F,,1,,P,,0,,_Z,
DATAFLOW,OECD.SDD.NAD:DSD_NAMAIN1@DF_QNA_EXPENDITURE_GROWTH_OECD(1.1),,I,Q,,Y,,DEU,,S1,,S1,,B1GQ,,_Z,,_Z,,_Z,,PC,,L,,GY,,T0102,,2024-Q3,,-0.621713457,,,,,,F,,1,,P,,0,,_Z,
DATAFLOW,OECD.SDD.NAD:DSD_NAMAIN1@DF_QNA_EXPENDITURE_GROWTH_OECD(1.1),,I,Q,,Y,,DEU,,S1,,S1,,B1GQ,,_Z,,_Z,,_Z,,PC,,L,,G1,,T0102,,2024-Q3,,0.019178466,,,,,,F,,1,,P,,0,,_Z,
DATAFLOW,OECD.SDD.NAD:DSD_NAMAIN1@DF_QNA_EXPENDITURE_GROWTH_OECD(1.1),,I,Q,,Y,,DEU,,S1,,S1,,B1GQ,,_Z,,_Z,,_Z,,PC,,L,,G1,,T0102,,2024-Q4,,0.182171054,,,,,,F,,1,,P,,0,,_Z,
DATAFLOW,OECD.SDD.NAD:DSD_NAMAIN1@DF_QNA_EXPENDITURE_GROWTH_OECD(1.1),,I,Q,,Y,,DEU,,S1,,S1,,B1GQ,,_Z,,_Z,,_Z,,PC,,L,,GY,,T0102,,2024-Q4,,-0.164808509,,,,,,F,,1,,P,,0,,_Z,
DATAFLOW,OECD.SDD.NAD:DSD_NAMAIN1@DF_QNA_EXPENDITURE_GROWTH_OECD(1.1),,I,Q,,Y,,DEU,,S1,,S1,,B1GQ,,_Z,,_Z,,_Z,,PC,,L,,G1,,T0102,,2025-Q2,,-0.200249999,,,,,,F,,1,,P,,0,,_Z,
DATAFLOW,OECD.SDD.NAD:DSD_NAMAIN1@DF_QNA_EXPENDITURE_GROWTH_OECD(1.1),,I,Q,,Y,,DEU,,S1,,S1,,B1GQ,,_Z,,_Z,,_Z,,PC,,L,,GY,,T0102,,2025-Q2,,0.366798592,,,,,,F,,1,,P,,0,,_Z,
DATAFLOW,OECD.SDD.NAD:DSD_NAMAIN1@DF_QNA_EXPENDITURE_GROWTH_OECD(1.1),,I,Q,,Y,,DEU,,S1,,S1,,B1GQ,,_Z,,_Z,,_Z,,PC,,L,,GY,,T0102,,2025-Q3,,0.318792954,,,,,,F,,1,,P,,0,,_Z,
DATAFLOW,OECD.SDD.NAD:DSD_NAMAIN1@DF_QNA_EXPENDITURE_GROWTH_OECD(1.1),,I,Q,,Y,,DEU,,S1,,S1,,B1GQ,,_Z,,_Z,,_Z,,PC,,L,,G1,,T0102,,2025-Q3,,-0.028660904,,,,,,F,,1,,P,,0,,_Z,
DATAFLOW,OECD.SDD.NAD:DSD_NAMAIN1@DF_QNA_EXPENDITURE_GROWTH_OECD(1.1),,I,Q,,Y,,DEU,,S1,,S1,,B1GQ,,_Z,,_Z,,_Z,,PC,,L,,G1,,T0102,,2025-Q4,,0.296283038,,,,,,F,,1,,P,,0,,_Z,
DATAFLOW,OECD.SDD.NAD:DSD_NAMAIN1@DF_QNA_EXPENDITURE_GROWTH_OECD(1.1),,I,Q,,Y,,DEU,,S1,,S1,,B1GQ,,_Z,,_Z,,_Z,,PC,,L,,GY,,T0102,,2025-Q4,,0.433060556,,,,,,F,,1,,P,,0,,_Z,
DATAFLOW,OECD.SDD.NAD:DSD_NAMAIN1@DF_QNA_EXPENDITURE_GROWTH_OECD(1.1),,I,Q,,Y,,DEU,,S1,,S1,,B1GQ,,_Z,,_Z,,_Z,,PC,,L,,GY,,T0102,,2024-Q1,,-0.459380401,,,,,,F,,1,,P,,0,,_Z,
DATAFLOW,OECD.SDD.NAD:DSD_NAMAIN1@DF_QNA_EXPENDITURE_GROWTH_OECD(1.1),,I,Q,,Y,,DEU,,S1,,S1,,B1GQ,,_Z,,_Z,,_Z,,PC,,L,,G1,,T0102,,2024-Q1,,-0.107481162,,,,,,F,,1,,P,,0,,_Z,
DATAFLOW,OECD.SDD.NAD:DSD_NAMAIN1@DF_QNA_EXPENDITURE_GROWTH_OECD(1.1),,I,Q,,Y,,DEU,,S1,,S1,,B1GQ,,_Z,,_Z,,_Z,,PC,,L,,GY,,T0102,,2025-Q1,,0.308465619,,,,,,F,,1,,P,,0,,_Z,
DATAFLOW,OECD.SDD.NAD:DSD_NAMAIN1@DF_QNA_EXPENDITURE_GROWTH_OECD(1.1),,I,Q,,Y,,DEU,,S1,,S1,,B1GQ,,_Z,,_Z,,_Z,,PC,,L,,G1,,T0102,,2025-Q1,,0.366064729,,,,,,F,,1,,P,,0,,_Z,
DATAFLOW,OECD.SDD.NAD:DSD_NAMAIN1@DF_QNA_EXPENDITURE_GROWTH_OECD(1.1),,I,Q,,Y,,DEU,,S1,,S1,,B1GQ,,_Z,,_Z,,_Z,,PC,,L,,GCM,,T0102,,2025-Q1,,0.414112128,,,,2019-Q4,,F,,1,,P,,0,,_Z,
DATAFLOW,OECD.SDD.NAD:DSD_NAMAIN1@DF_QNA_EXPENDITURE_GROWTH_OECD(1.1),,I,Q,,Y,,DEU,,S1,,S1,,B1GQ,,_Z,,_Z,,_Z,,PC,,L,,GCM,,T0102,,2025-Q2,,0.213032869,,,,2019-Q4,,F,,1,,P,,0,,_Z,
DATAFLOW,OECD.SDD.NAD:DSD_NAMAIN1@DF_QNA_EXPENDITURE_GROWTH_OECD(1.1),,I,Q,,Y,,DEU,,S1,,S1,,B1GQ,,_Z,,_Z,,_Z,,PC,,L,,GCM,,T0102,,2025-Q3,,0.184310908,,,,2019-Q4,,F,,1,,P,,0,,_Z,
DATAFLOW,OECD.SDD.NAD:DSD_NAMAIN1@DF_QNA_EXPENDITURE_GROWTH_OECD(1.1),,I,Q,,Y,,DEU,,S1,,S1,,B1GQ,,_Z,,_Z,,_Z,,PC,,L,,GCM,,T0102,,2025-Q4,,0.481140028,,,,2019-Q4,,F,,1,,P,,0,,_Z,
DATAFLOW,OECD.SDD.NAD:DSD_NAMAIN1@DF_QNA_EXPENDITURE_GROWTH_OECD(1.1),,I,Q,,Y,,DEU,,S1,,S1,,B1GQ,,_Z,,_Z,,_Z,,PC,,L,,GCM,,T0102,,2022-Q1,,0.947909085,,,,2019-Q4,,F,,1,,P,,0,,_Z,
DATAFLOW,OECD.SDD.NAD:DSD_NAMAIN1@DF_QNA_EXPENDITURE_GROWTH_OECD(1.1),,I,Q,,Y,,DEU,,S1,,S1,,B1GQ,,_Z,,_Z,,_Z,,PC,,L,,GCM,,T0102,,2022-Q2,,1.10110509,,,,2019-Q4,,F,,1,,P,,0,,_Z,
DATAFLOW,OECD.SDD.NAD:DSD_NAMAIN1@DF_QNA_EXPENDITURE_GROWTH_OECD(1.1),,I,Q,,Y,,DEU,,S1,,S1,,B1GQ,,_Z,,_Z,,_Z,,PC,,L,,GCM,,T0102,,2022-Q3,,1.39792644,,,,2019-Q4,,F,,1,,P,,0,,_Z,
DATAFLOW,OECD.SDD.NAD:DSD_NAMAIN1@DF_QNA_EXPENDITURE_GROWTH_OECD(1.1),,I,Q,,Y,,DEU,,S1,,S1,,B1GQ,,_Z,,_Z,,_Z,,PC,,L,,GCM,,T0102,,2022-Q4,,1.043658947,,,,2019-Q4,,F,,1,,P,,0,,_Z,
DATAFLOW,OECD.SDD.NAD:DSD_NAMAIN1@DF_QNA_EXPENDITURE_GROWTH_OECD(1.1),,I,Q,,Y,,DEU,,S1,,S1,,B1GQ,,_Z,,_Z,,_Z,,PC,,L,,GCM,,T0102,,2023-Q1,,0.567308132,,,,2019-Q4,,F,,1,,P,,0,,_Z,
DATAFLOW,OECD.SDD.NAD:DSD_NAMAIN1@DF_QNA_EXPENDITURE_GROWTH_OECD(1.1),,I,Q,,Y,,DEU,,S1,,S1,,B1GQ,,_Z,,_Z,,_Z,,PC,,L,,GCM,,T0102,,2023-Q2,,0.490705136,,,,2019-Q4,,F,,1,,P,,0,,_Z,
DATAFLOW,OECD.SDD.NAD:DSD_NAMAIN1@DF_QNA_EXPENDITURE_GROWTH_OECD(1.1),,I,Q,,Y,,DEU,,S1,,S1,,B1GQ,,_Z,,_Z,,_Z,,PC,,L,,GCM,,T0102,,2023-Q3,,0.490709575,,,,2019-Q4,,F,,1,,P,,0,,_Z,
DATAFLOW,OECD.SDD.NAD:DSD_NAMAIN1@DF_QNA_EXPENDITURE_GROWTH_OECD(1.1),,I,Q,,Y,,DEU,,S1,,S1,,B1GQ,,_Z,,_Z,,_Z,,PC,,L,,GCM,,T0102,,2023-Q4,,0.213031759,,,,2019-Q4,,F,,1,,P,,0,,_Z,
DATAFLOW,OECD.SDD.NAD:DSD_NAMAIN1@DF_QNA_EXPENDITURE_GROWTH_OECD(1.1),,I,Q,,Y,,DEU,,S1,,S1,,B1GQ,,_Z,,_Z,,_Z,,PC,,L,,GCM,,T0102,,2024-Q1,,0.105321629,,,,2019-Q4,,F,,1,,P,,0,,_Z,
DATAFLOW,OECD.SDD.NAD:DSD_NAMAIN1@DF_QNA_EXPENDITURE_GROWTH_OECD(1.1),,I,Q,,Y,,DEU,,S1,,S1,,B1GQ,,_Z,,_Z,,_Z,,PC,,L,,GCM,,T0102,,2024-Q2,,-0.153203773,,,,2019-Q4,,F,,1,,P,,0,,_Z,
DATAFLOW,OECD.SDD.NAD:DSD_NAMAIN1@DF_QNA_EXPENDITURE_GROWTH_OECD(1.1),,I,Q,,Y,,DEU,,S1,,S1,,B1GQ,,_Z,,_Z,,_Z,,PC,,L,,GCM,,T0102,,2024-Q3,,-0.134054689,,,,2019-Q4,,F,,1,,P,,0,,_Z,
DATAFLOW,OECD.SDD.NAD:DSD_NAMAIN1@DF_QNA_EXPENDITURE_GROWTH_OECD(1.1),,I,Q,,Y,,DEU,,S1,,S1,,B1GQ,,_Z,,_Z,,_Z,,PC,,L,,GCM,,T0102,,2024-Q4,,0.047872156,,,,2019-Q4,,F,,1,,P,,0,,_Z,
DATAFLOW,OECD.SDD.NAD:DSD_NAMAIN1@DF_QNA_EXPENDITURE_GROWTH_OECD(1.1),,I,Q,,Y,,DEU,,S1,,S1,,B1GQ,,_Z,,_Z,,_Z,,PC,,L,,GCM,,T0102,,2020-Q1,,-2.029880629,,,,2019-Q4,,F,,1,,A,,0,,_Z,
DATAFLOW,OECD.SDD.NAD:DSD_NAMAIN1@DF_QNA_EXPENDITURE_GROWTH_OECD(1.1),,I,Q,,Y,,DEU,,S1,,S1,,B1GQ,,_Z,,_Z,,_Z,,PC,,L,,GCM,,T0102,,2020-Q2,,-10.723867907,,,,2019-Q4,,F,,1,,A,,0,,_Z,
DATAFLOW,OECD.SDD.NAD:DSD_NAMAIN1@DF_QNA_EXPENDITURE_GROWTH_OECD(1.1),,I,Q,,Y,,DEU,,S1,,S1,,B1GQ,,_Z,,_Z,,_Z,,PC,,L,,GCM,,T0102,,2020-Q3,,-2.977788605,,,,2019-Q4,,F,,1,,A,,0,,_Z,
DATAFLOW,OECD.SDD.NAD:DSD_NAMAIN1@DF_QNA_EXPENDITURE_GROWTH_OECD(1.1),,I,Q,,Y,,DEU,,S1,,S1,,B1GQ,,_Z,,_Z,,_Z,,PC,,L,,GCM,,T0102,,2020-Q4,,-2.039451287,,,,2019-Q4,,F,,1,,A,,0,,_Z,
DATAFLOW,OECD.SDD.NAD:DSD_NAMAIN1@DF_QNA_EXPENDITURE_GROWTH_OECD(1.1),,I,Q,,Y,,DEU,,S1,,S1,,B1GQ,,_Z,,_Z,,_Z,,PC,,L,,GCM,,T0102,,2021-Q1,,-2.642663536,,,,2019-Q4,,F,,1,,A,,0,,_Z,
DATAFLOW,OECD.SDD.NAD:DSD_NAMAIN1@DF_QNA_EXPENDITURE_GROWTH_OECD(1.1),,I,Q,,Y,,DEU,,S1,,S1,,B1GQ,,_Z,,_Z,,_Z,,PC,,L,,GCM,,T0102,,2021-Q2,,-0.354270824,,,,2019-Q4,,F,,1,,A,,0,,_Z,
DATAFLOW,OECD.SDD.NAD:DSD_NAMAIN1@DF_QNA_EXPENDITURE_GROWTH_OECD(1.1),,I,Q,,Y,,DEU,,S1,,S1,,B1GQ,,_Z,,_Z,,_Z,,PC,,L,,GCM,,T0102,,2021-Q3,,-0.268099389,,,,2019-Q4,,F,,1,,A,,0,,_Z,
DATAFLOW,OECD.SDD.NAD:DSD_NAMAIN1@DF_QNA_EXPENDITURE_GROWTH_OECD(1.1),,I,Q,,Y,,DEU,,S1,,S1,,B1GQ,,_Z,,_Z,,_Z,,PC,,L,,GCM,,T0102,,2021-Q4,,0.26809273,,,,2019-Q4,,F,,1,,A,,0,,_Z,
