STRUCTURE,STRUCTURE_ID,STRUCTURE_NAME,ACTION,REF_AREA,,FREQ,,MEASURE,,UNIT_MEASURE,,ACTIVITY,,ADJUSTMENT,,TRANSFORMATION,,TIME_HORIZ,,METHODOLOGY,,TIME_PERIOD,,OBS_VALUE,,OBS_STATUS,,UNIT_MULT,,DECIMALS,,BASE_PER,
DATAFLOW,OECD.SDD.STES:DSD_STES@DF_INDSERV(4.3),,I,DEU,,M,,NODW,,IX,,F41,,Y,,_Z,,_Z,,N,,2009-03,,57.29309,,A,,0,,2,,2015,
DATAFLOW,OECD.SDD.STES:DSD_STES@DF_INDSERV(4.3),,I,DEU,,M,,NODW,,IX,,F41,,Y,,_Z,,_Z,,N,,2009-04,,57.41929,,A,,0,,2,,2015,
DATAFLOW,OECD.SDD.STES:DSD_STES@DF_INDSERV(4.3),,I,DEU,,M,,NODW,,IX,,F41,,Y,,_Z,,_Z,,N,,2011-10,,77.98927,,A,,0,,2,,2015,
DATAFLOW,OECD.SDD.STES:DSD_STES@DF_INDSERV(4.3),,I,DEU,,M,,NODW,,IX,,F41,,Y,,_Z,,_Z,,N,,2017-08,,117.2363,,A,,0,,2,,2015,
DATAFLOW,OECD.SDD.STES:DSD_STES@DF_INDSERV(4.3),,I,DEU,,M,,NODW,,IX,,F41,,Y,,_Z,,_Z,,N,,2017-09,,110.1693,,A,,0,,2,,2015,
DATAFLOW,OECD.SDD.STES:DSD_STES@DF_INDSERV(4.3),,I,DEU,,M,,NODW,,IX,,F41,,Y,,_Z,,_Z,,N,,1997-05,,274.0982,,A,,0,,2,,2015,
DATAFLOW,OECD.SDD.STES:DSD_STES@DF_INDSERV(4.3),,I,DEU,,M,,NODW,,IX,,F41,,Y,,_Z,,_Z,,N,,1997-06,,260.5952,,A,,0,,2,,2015,
DATAFLOW,OECD.SDD.STES:DSD_STES@DF_INDSERV(4.3),,I,DEU,,M,,NODW,,IX,,F41,,Y,,_Z,,_Z,,N,,2012-11,,81.52277,,A,,0,,2,,2015,
DATAFLOW,OECD.SDD.STES:DSD_STES@DF_INDSERV(4.3),,I,DEU,,M,,NODW,,IX,,F41,,Y,,_Z,,_Z,,N,,2012-12,,81.64896,,A,,0,,2,,2015,
DATAFLOW,OECD.SDD.STES:DSD_STES@DF_INDSERV(4.3),,I,DEU,,M,,NODW,,IX,,F41,,Y,,_Z,,_Z,,N,,2013-01,,80.5132,,A,,0,,2,,2015,
DATAFLOW,OECD.SDD.STES:DSD_STES@DF_INDSERV(4.3),,I,DEU,,M,,NODW,,IX,,F41,,Y,,_Z,,_Z,,N,,2013-02,,86.44442,,A,,0,,2,,2015,
DATAFLOW,OECD.SDD.STES:DSD_STES@DF_INDSERV(4.3),,I,DEU,,M,,NODW,,IX,,F41,,Y,,_Z,,_Z,,N,,2013-03,,86.82301,,A,,0,,2,,2015,
DATAFLOW,OECD.SDD.STES:DSD_STES@DF_INDSERV(4.3),,I,DEU,,M,,NODW,,IX,,F41,,Y,,_Z,,_Z,,N,,2013-04,,95.53055,,A,,0,,2,,2015,
DATAFLOW,OECD.SDD.STES:DSD_STES@DF_INDSERV(4.3),,I,DEU,,M,,NODW,,IX,,F41,,Y,,_Z,,_Z,,N,,1996-04,,302.24,,A,,0,,2,,2015,
DATAFLOW,OECD.SDD.STES:DSD_STES@DF_INDSERV(4.3),,I,DEU,,M,,NODW,,IX,,F41,,Y,,_Z,,_Z,,N,,1996-05,,278.0103,,A,,0,,2,,2015,
DATAFLOW,OECD.SDD.STES:DSD_STES@DF_INDSERV(4.3),,I,DEU,,M,,NODW,,IX,,F41,,Y,,_Z,,_Z,,N,,1996-06,,306.5307,,A,,0,,2,,2015,
DATAFLOW,OECD.SDD.STES:DSD_STES@DF_INDSERV(4.3),,I,DEU,,M,,NODW,,IX,,F41,,Y,,_Z,,_Z,,N,,2008-10,,57.29309,,A,,0,,2,,2015,
DATAFLOW,OECD.SDD.STES:DSD_STES@DF_INDSERV(4.3),,I,DEU,,M,,NODW,,IX,,F41,,Y,,_Z,,_Z,,N,,2008-11,,57.79787,,A,,0,,2,,2015,
DATAFLOW,OECD.SDD.STES:DSD_STES@DF_INDSERV(4.3),,I,DEU,,M,,NODW,,IX,,F41,,Y,,_Z,,_Z,,N,,2015-03,,98.43306,,A,,0,,2,,2015,
DATAFLOW,OECD.SDD.STES:DSD_STES@DF_INDSERV(4.3),,I,DEU,,M,,NODW,,IX,,F41,,Y,,_Z,,_Z,,N,,2015-04,,94.39478,,A,,0,,2,,2015,
DATAFLOW,OECD.SDD.STES:DSD_STES@DF_INDSERV(4.3),,I,DEU,,M,,NODW,,IX,,F41,,Y,,_Z,,_Z,,N,,2015-05,,98.55926,,A,,0,,2,,2015,
DATAFLOW,OECD.SDD.STES:DSD_STES@DF_INDSERV(4.3),,I,DEU,,M,,NODW,,IX,,F41,,Y,,_Z,,_Z,,N,,2015-06,,97.92828,,A,,0,,2,,2015,
DATAFLOW,OECD.SDD.STES:DSD_STES@DF_INDSERV(4.3),,I,DEU,,M,,NODW,,IX,,F41,,Y,,_Z,,_Z,,N,,2015-07,,102.5975,,A,,0,,2,,2015,
DATAFLOW,OECD.SDD.STES:DSD_STES@DF_INDSERV(4.3),,I,DEU,,M,,NODW,,IX,,F41,,Y,,_Z,,_Z,,N,,2015-08,,101.7142,,A,,0,,2,,2015,
DATAFLOW,OECD.SDD.STES:DSD_STES@DF_INDSERV(4.3),,I,DEU,,M,,NODW,,IX,,F41,,Y,,_Z,,_Z,,N,,2015-09,,103.1023,,A,,0,,2,,2015,
DATAFLOW,OECD.SDD.STES:DSD_STES@DF_INDSERV(4.3),,I,DEU,,M,,NODW,,IX,,F41,,Y,,_Z,,_Z,,N,,2015-10,,102.9761,,A,,0,,2,,2015,
DATAFLOW,OECD.SDD.STES:DSD_STES@DF_INDSERV(4.3),,I,DEU,,M,,NODW,,IX,,F41,,Y,,_Z,,_Z,,N,,2015-11,,107.0144,,A,,0,,2,,2015,
DATAFLOW,OECD.SDD.STES:DSD_STES@DF_INDSERV(4.3),,I,DEU,,M,,NODW,,IX,,F41,,Y,,_Z,,_Z,,N,,2015-12,,108.5288,,A,,0,,2,,2015,
DATAFLOW,OECD.SDD.STES:DSD_STES@DF_INDSERV(4.3),,I,DEU,,M,,NODW,,IX,,F41,,Y,,_Z,,_Z,,N,,2016-01,,115.3434,,A,,0,,2,,2015,
DATAFLOW,OECD.SDD.STES:DSD_STES@DF_INDSERV(4.3),,I,DEU,,M,,NODW,,IX,,F41,,Y,,_Z,,_Z,,N,,2016-02,,115.9743,,A,,0,,2,,2015,
DATAFLOW,OECD.SDD.STES:DSD_STES@DF_INDSERV(4.3),,I,DEU,,M,,NODW,,IX,,F41,,Y,,_Z,,_Z,,N,,2016-03,,118.1197,,A,,0,,2,,2015,
DATAFLOW,OECD.SDD.STES:DSD_STES@DF_INDSERV(4.3),,I,DEU,,M,,NODW,,IX,,F41,,Y,,_Z,,_Z,,N,,2016-04,,115.4696,,A,,0,,2,,2015,
DATAFLOW,OECD.SDD.STES:DSD_STES@DF_INDSERV(4.3),,I,DEU,,M,,NODW,,IX,,F41,,Y,,_Z,,_Z,,N,,2016-05,,110.0431,,A,,0,,2,,2015,
DATAFLOW,OECD.SDD.STES:DSD_STES@DF_INDSERV(4.3),,I,DEU,,M,,NODW,,IX,,F41,,Y,,_Z,,_Z,,N,,2016-06,,120.3912,,A,,0,,2,,2015,
DATAFLOW,OECD.SDD.STES:DSD_STES@DF_INDSERV(4.3),,I,DEU,,M,,NODW,,IX,,F41,,Y,,_Z,,_Z,,N,,2011-11,,78.99884,,A,,0,,2,,2015,
DATAFLOW,OECD.SDD.STES:DSD_STES@DF_INDSERV(4.3),,I,DEU,,M,,NODW,,IX,,F41,,Y,,_Z,,_Z,,N,,2011-12,,88.71595,,A,,0,,2,,2015,
DATAFLOW,OECD.SDD.STES:DSD_STES@DF_INDSERV(4.3),,I,DEU,,M,,NODW,,IX,,F41,,Y,,_Z,,_Z,,N,,2005-09,,84.29909,,A,,0,,2,,2015,
DATAFLOW,OECD.SDD.STES:DSD_STES@DF_INDSERV(4.3),,I,DEU,,M,,NODW,,IX,,F41,,Y,,_Z,,_Z,,N,,2005-10,,80.89178,,A,,0,,2,,2015,
DATAFLOW,OECD.SDD.STES:DSD_STES@DF_INDSERV(4.3),,I,DEU,,M,,NODW,,IX,,F41,,Y,,_Z,,_Z,,N,,2005-11,,86.69682,,A,,0,,2,,2015,
DATAFLOW,OECD.SDD.STES:DSD_STES@DF_INDSERV(4.3),,I,DEU,,M,,NODW,,IX,,F41,,Y,,_Z,,_Z,,N,,2005-12,,92.12325,,A,,0,,2,,2015,
DATAFLOW,OECD.SDD.STES:DSD_STES@DF_INDSERV(4.3),,I,DEU,,M,,NODW,,IX,,F41,,Y,,_Z,,_Z,,N,,2017-10,,118.3721,,A,,0,,2,,2015,
DATAFLOW,OECD.SDD.STES:DSD_STES@DF_INDSERV(4.3),,I,DEU,,M,,NODW,,IX,,F41,,Y,,_Z,,_Z,,N,,2017-11,,112.3147,,A,,0,,2,,2015,
DATAFLOW,OECD.SDD.STES:DSD_STES@DF_INDSERV(4.3),,I,DEU,,M,,NODW,,IX,,F41,,Y,,_Z,,_Z,,N,,2012-10,,82.27995,,A,,0,,2,,2015,
DATAFLOW,OECD.SDD.STES:DSD_STES@DF_INDSERV(4.3),,I,DEU,,M,,NODW,,IX,,F41,,Y,,_Z,,_Z,,N,,2020-03,,113.9552,,A,,0,,2,,2015,
DATAFLOW,OECD.SDD.STES:DSD_STES@DF_INDSERV(4.3),,I,DEU,,M,,NODW,,IX,,F41,,Y,,_Z,,_Z,,N,,2020-04,,123.9247,,A,,0,,2,,2015,
DATAFLOW,OECD.SDD.STES:DSD_STES@DF_INDSERV(4.3),,I,DEU,,M,,NODW,,IX,,F41,,Y,,_Z,,_Z,,N,,2020-05,,120.7698,,A,,0,,2,,2015,
DATAFLOW,OECD.SDD.STES:DSD_STES@DF_INDSERV(4.3),,I,DEU,,M,,NODW,,IX,,F41,,Y,,_Z,,_Z,,N,,2020-06,,137.6801,,A,,0,,2,,2015,
DATAFLOW,OECD.SDD.STES:DSD_STES@DF_INDSERV(4.3),,I,DEU,,M,,NODW,,IX,,F41,,Y,,_Z,,_Z,,N,,2020-07,,117.4887,,A,,0,,2,,2015,
DATAFLOW,OECD.SDD.STES:DSD_STES@DF_INDSERV(4.3),,I,DEU,,M,,NODW,,IX,,F41,,Y,,_Z,,_Z,,N,,2020-08,,122.0318,,A,,0,,2,,2015,
DATAFLOW,OECD.SDD.STES:DSD_STES@DF_INDSERV(4.3),,I,DEU,,M,,NODW,,IX,,F41,,Y,,_Z,,_Z,,N,,2020-09,,120.6436,,A,,0,,2,,2015,
DATAFLOW,OECD.SDD.STES:DSD_STES@DF_INDSERV(4.3),,I,DEU,,M,,NODW,,IX,,F41,,Y,,_Z,,_Z,,N,,2020-10,,118.2459,,A,,0,,2,,2015,
DATAFLOW,OECD.SDD.STES:DSD_STES@DF_INDSERV(4.3),,I,DEU,,M,,NODW,,IX,,F41,,Y,,_Z,,_Z,,N,,2020-11,,134.2728,,A,,0,,2,,2015,
DATAFLOW,OECD.SDD.STES:DSD_STES@DF_INDSERV(4.3),,I,DEU,,M,,NODW,,IX,,F41,,Y,,_Z,,_Z,,N,,2020-12,,123.9247,,A,,0,,2,,2015,
DATAFLOW,OECD.SDD.STES:DSD_STES@DF_INDSERV(4.3),,I,DEU,,M,,NODW,,IX,,F41,,Y,,_Z,,_Z,,N,,2021-01,,127.2058,,A,,0,,2,,2015,
DATAFLOW,OECD.SDD.STES:DSD_STES@DF_INDSERV(4.3),,I,DEU,,M,,NODW,,IX,,F41,,Y,,_Z,,_Z,,N,,2021-02,,134.9038,,A,,0,,2,,2015,
DATAFLOW,OECD.SDD.STES:DSD_STES@DF_INDSERV(4.3),,I,DEU,,M,,NODW,,IX,,F41,,Y,,_Z,,_Z,,N,,2021-03,,148.9116,,A,,0,,2,,2015,
DATAFLOW,OECD.SDD.STES:DSD_STES@DF_INDSERV(4.3),,I,DEU,,M,,NODW,,IX,,F41,,Y,,_Z,,_Z,,N,,2021-04,,118.4983,,A,,0,,2,,2015,
DATAFLOW,OECD.SDD.STES:DSD_STES@DF_INDSERV(4.3),,I,DEU,,M,,NODW,,IX,,F41,,Y,,_Z,,_Z,,N,,2021-05,,126.07,,A,,0,,2,,2015,
DATAFLOW,OECD.SDD.STES:DSD_STES@DF_INDSERV(4.3),,I,DEU,,M,,NODW,,IX,,F41,,Y,,_Z,,_Z,,N,,2021-06,,123.7985,,A,,0,,2,,2015,
DATAFLOW,OECD.SDD.STES:DSD_STES@DF_INDSERV(4.3),,I,DEU,,M,,NODW,,IX,,F41,,Y,,_Z,,_Z,,N,,2021-07,,120.7698,,A,,0,,2,,2015,
DATAFLOW,OECD.SDD.STES:DSD_STES@DF_INDSERV(4.3),,I,DEU,,M,,NODW,,IX,,F41,,Y,,_Z,,_Z,,N,,2021-08,,123.2937,,A,,0,,2,,2015,
DATAFLOW,OECD.SDD.STES:DSD_STES@DF_INDSERV(4.3),,I,DEU,,M,,NODW,,IX,,F41,,Y,,_Z,,_Z,,N,,2021-09,,122.158,,A,,0,,2,,2015,
DATAFLOW,OECD.SDD.STES:DSD_STES@DF_INDSERV(4.3),,I,DEU,,M,,NODW,,IX,,F41,,Y,,_Z,,_Z,,N,,2021-10,,119.8864,,A,,0,,2,,2015,
DATAFLOW,OECD.SDD.STES:DSD_STES@DF_INDSERV(4.3),,I,DEU,,M,,NODW,,IX,,F41,,Y,,_Z,,_Z,,N,,2021-11,,113.3242,,A,,0,,2,,2015,
DATAFLOW,OECD.SDD.STES:DSD_STES@DF_INDSERV(4.3),,I,DEU,,M,,NODW,,IX,,F41,,Y,,_Z,,_Z,,N,,2021-12,,135.6609,,A,,0,,2,,2015,
DATAFLOW,OECD.SDD.STES:DSD_STES@DF_INDSERV(4.3),,I,DEU,,M,,NODW,,IX,,F41,,Y,,_Z,,_Z,,N,,2022-01,,133.768,,A,,0,,2,,2015,
DATAFLOW,OECD.SDD.STES:DSD_STES@DF_INDSERV(4.3),,I,DEU,,M,,NODW,,IX,,F41,,Y,,_Z,,_Z,,N,,2022-02,,128.0892,,A,,0,,2,,2015,
DATAFLOW,OECD.SDD.STES:DSD_STES@DF_INDSERV(4.3),,I,DEU,,M,,NODW,,IX,,F41,,Y,,_Z,,_Z,,N,,2022-03,,135.4086,,A,,0,,2,,2015,
DATAFLOW,OECD.SDD.STES:DSD_STES@DF_INDSERV(4.3),,I,DEU,,M,,NODW,,IX,,F41,,Y,,_Z,,_Z,,N,,2022-04,,127.0796,,A,,0,,2,,2015,
DATAFLOW,OECD.SDD.STES:DSD_STES@DF_INDSERV(4.3),,I,DEU,,M,,NODW,,IX,,F41,,Y,,_Z,,_Z,,N,,2022-05,,123.7985,,A,,0,,2,,2015,
DATAFLOW,OECD.SDD.STES:DSD_STES@DF_INDSERV(4.3),,I,DEU,,M,,NODW,,IX,,F41,,Y,,_Z,,_Z,,N,,2022-06,,120.0126,,A,,0,,2,,2015,
DATAFLOW,OECD.SDD.STES:DSD_STES@DF_INDSERV(4.3),,I,DEU,,M,,NODW,,IX,,F41,,Y,,_Z,,_Z,,N,,2022-07,,121.7794,,A,,0,,2,,2015,
DATAFLOW,OECD.SDD.STES:DSD_STES@DF_INDSERV(4.3),,I,DEU,,M,,NODW,,IX,,F41,,Y,,_Z,,_Z,,N,,2022-08,,107.7716,,A,,0,,2,,2015,
DATAFLOW,OECD.SDD.STES:DSD_STES@DF_INDSERV(4.3),,I,DEU,,M,,NODW,,IX,,F41,,Y,,_Z,,_Z,,N,,2022-09,,109.9169,,A,,0,,2,,2015,
DATAFLOW,OECD.SDD.STES:DSD_STES@DF_INDSERV(4.3),,I,DEU,,M,,NODW,,IX,,F41,,Y,,_Z,,_Z,,N,,2022-10,,103.3547,,A,,0,,2,,2015,
DATAFLOW,OECD.SDD.STES:DSD_STES@DF_INDSERV(4.3),,I,DEU,,M,,NODW,,IX,,F41,,Y,,_Z,,_Z,,N,,2022-11,,97.54969,,A,,0,,2,,2015,
DATAFLOW,OECD.SDD.STES:DSD_STES@DF_INDSERV(4.3),,I,DEU,,M,,NODW,,IX,,F41,,Y,,_Z,,_Z,,N,,2022-12,,101.7142,,A,,0,,2,,2015,
DATAFLOW,OECD.SDD.STES:DSD_STES@DF_INDSERV(4.3),,I,DEU,,M,,NODW,,IX,,F41,,Y,,_Z,,_Z,,N,,2023-01,,92.24945,,A,,0,,2,,2015,
DATAFLOW,OECD.SDD.STES:DSD_STES@DF_INDSERV(4.3),,I,DEU,,M,,NODW,,IX,,F41,,Y,,_Z,,_Z,,N,,2023-02,,97.29729,,A,,0,,2,,2015,
DATAFLOW,OECD.SDD.STES:DSD_STES@DF_INDSERV(4.3),,I,DEU,,M,,NODW,,IX,,F41,,Y,,_Z,,_Z,,N,,2013-05,,90.60889,,A,,0,,2,,2015,
DATAFLOW,OECD.SDD.STES:DSD_STES@DF_INDSERV(4.3),,I,DEU,,M,,NODW,,IX,,F41,,Y,,_Z,,_Z,,N,,2013-06,,88.46356,,A,,0,,2,,2015,
DATAFLOW,OECD.SDD.STES:DSD_STES@DF_INDSERV(4.3),,I,DEU,,M,,NODW,,IX,,F41,,Y,,_Z,,_Z,,N,,2013-07,,98.18067,,A,,0,,2,,2015,
DATAFLOW,OECD.SDD.STES:DSD_STES@DF_INDSERV(4.3),,I,DEU,,M,,NODW,,IX,,F41,,Y,,_Z,,_Z,,N,,2013-08,,94.39478,,A,,0,,2,,2015,
DATAFLOW,OECD.SDD.STES:DSD_STES@DF_INDSERV(4.3),,I,DEU,,M,,NODW,,IX,,F41,,Y,,_Z,,_Z,,N,,2013-09,,97.54969,,A,,0,,2,,2015,
DATAFLOW,OECD.SDD.STES:DSD_STES@DF_INDSERV(4.3),,I,DEU,,M,,NODW,,IX,,F41,,Y,,_Z,,_Z,,N,,2011-04,,72.18425,,A,,0,,2,,2015,
DATAFLOW,OECD.SDD.STES:DSD_STES@DF_INDSERV(4.3),,I,DEU,,M,,NODW,,IX,,F41,,Y,,_Z,,_Z,,N,,2011-05,,78.74645,,A,,0,,2,,2015,
DATAFLOW,OECD.SDD.STES:DSD_STES@DF_INDSERV(4.3),,I,DEU,,M,,NODW,,IX,,F41,,Y,,_Z,,_Z,,N,,2011-06,,76.47492,,A,,0,,2,,2015,
DATAFLOW,OECD.SDD.STES:DSD_STES@DF_INDSERV(4.3),,I,DEU,,M,,NODW,,IX,,F41,,Y,,_Z,,_Z,,N,,2011-07,,71.17467,,A,,0,,2,,2015,
DATAFLOW,OECD.SDD.STES:DSD_STES@DF_INDSERV(4.3),,I,DEU,,M,,NODW,,IX,,F41,,Y,,_Z,,_Z,,N,,2011-08,,78.74645,,A,,0,,2,,2015,
DATAFLOW,OECD.SDD.STES:DSD_STES@DF_INDSERV(4.3),,I,DEU,,M,,NODW,,IX,,F41,,Y,,_Z,,_Z,,N,,2014-07,,96.66631,,A,,0,,2,,2015,
DATAFLOW,OECD.SDD.STES:DSD_STES@DF_INDSERV(4.3),,I,DEU,,M,,NODW,,IX,,F41,,Y,,_Z,,_Z,,N,,1996-07,,288.3584,,A,,0,,2,,2015,
DATAFLOW,OECD.SDD.STES:DSD_STES@DF_INDSERV(4.3),,I,DEU,,M,,NODW,,IX,,F41,,Y,,_Z,,_Z,,N,,2011-09,,77.73688,,A,,0,,2,,2015,
DATAFLOW,OECD.SDD.STES:DSD_STES@DF_INDSERV(4.3),,I,DEU,,M,,NODW,,IX,,F41,,Y,,_Z,,_Z,,N,,2015-01,,88.71595,,A,,0,,2,,2015,
DATAFLOW,OECD.SDD.STES:DSD_STES@DF_INDSERV(4.3),,I,DEU,,M,,NODW,,IX,,F41,,Y,,_Z,,_Z,,N,,2015-02,,96.03533,,A,,0,,2,,2015,
DATAFLOW,OECD.SDD.STES:DSD_STES@DF_INDSERV(4.3),,I,DEU,,M,,NODW,,IX,,F41,,Y,,_Z,,_Z,,N,,1999-04,,222.3578,,A,,0,,2,,2015,
DATAFLOW,OECD.SDD.STES:DSD_STES@DF_INDSERV(4.3),,I,DEU,,M,,NODW,,IX,,F41,,Y,,_Z,,_Z,,N,,1999-05,,226.0175,,A,,0,,2,,2015,
DATAFLOW,OECD.SDD.STES:DSD_STES@DF_INDSERV(4.3),,I,DEU,,M,,NODW,,IX,,F41,,Y,,_Z,,_Z,,N,,1999-06,,226.7746,,A,,0,,2,,2015,
DATAFLOW,OECD.SDD.STES:DSD_STES@DF_INDSERV(4.3),,I,DEU,,M,,NODW,,IX,,F41,,Y,,_Z,,_Z,,N,,1999-07,,227.1532,,A,,0,,2,,2015,
DATAFLOW,OECD.SDD.STES:DSD_STES@DF_INDSERV(4.3),,I,DEU,,M,,NODW,,IX,,F41,,Y,,_Z,,_Z,,N,,1999-08,,215.0384,,A,,0,,2,,2015,
DATAFLOW,OECD.SDD.STES:DSD_STES@DF_INDSERV(4.3),,I,DEU,,M,,NODW,,IX,,F41,,Y,,_Z,,_Z,,N,,1999-09,,218.3195,,A,,0,,2,,2015,
DATAFLOW,OECD.SDD.STES:DSD_STES@DF_INDSERV(4.3),,I,DEU,,M,,NODW,,IX,,F41,,Y,,_Z,,_Z,,N,,1999-10,,223.6197,,A,,0,,2,,2015,
DATAFLOW,OECD.SDD.STES:DSD_STES@DF_INDSERV(4.3),,I,DEU,,M,,NODW,,IX,,F41,,Y,,_Z,,_Z,,N,,1999-11,,211.8835,,A,,0,,2,,2015,
DATAFLOW,OECD.SDD.STES:DSD_STES@DF_INDSERV(4.3),,I,DEU,,M,,NODW,,IX,,F41,,Y,,_Z,,_Z,,N,,1999-12,,203.8069,,A,,0,,2,,2015,
DATAFLOW,OECD.SDD.STES:DSD_STES@DF_INDSERV(4.3),,I,DEU,,M,,NODW,,IX,,F41,,Y,,_Z,,_Z,,N,,2000-01,,136.0395,,A,,0,,2,,2015,
DATAFLOW,OECD.SDD.STES:DSD_STES@DF_INDSERV(4.3),,I,DEU,,M,,NODW,,IX,,F41,,Y,,_Z,,_Z,,N,,2000-02,,118.1197,,A,,0,,2,,2015,
DATAFLOW,OECD.SDD.STES:DSD_STES@DF_INDSERV(4.3),,I,DEU,,M,,NODW,,IX,,F41,,Y,,_Z,,_Z,,N,,2000-03,,131.6227,,A,,0,,2,,2015,
DATAFLOW,OECD.SDD.STES:DSD_STES@DF_INDSERV(4.3),,I,DEU,,M,,NODW,,IX,,F41,,Y,,_Z,,_Z,,N,,2000-04,,122.4103,,A,,0,,2,,2015,
DATAFLOW,OECD.SDD.STES:DSD_STES@DF_INDSERV(4.3),,I,DEU,,M,,NODW,,IX,,F41,,Y,,_Z,,_Z,,N,,2000-05,,125.1867,,A,,0,,2,,2015,
DATAFLOW,OECD.SDD.STES:DSD_STES@DF_INDSERV(4.3),,I,DEU,,M,,NODW,,IX,,F41,,Y,,_Z,,_Z,,N,,2000-06,,124.5557,,A,,0,,2,,2015,
DATAFLOW,OECD.SDD.STES:DSD_STES@DF_INDSERV(4.3),,I,DEU,,M,,NODW,,IX,,F41,,Y,,_Z,,_Z,,N,,2000-07,,124.9343,,A,,0,,2,,2015,
DATAFLOW,OECD.SDD.STES:DSD_STES@DF_INDSERV(4.3),,I,DEU,,M,,NODW,,IX,,F41,,Y,,_Z,,_Z,,N,,2000-08,,124.6819,,A,,0,,2,,2015,
DATAFLOW,OECD.SDD.STES:DSD_STES@DF_INDSERV(4.3),,I,DEU,,M,,NODW,,IX,,F41,,Y,,_Z,,_Z,,N,,2000-09,,123.5461,,A,,0,,2,,2015,
DATAFLOW,OECD.SDD.STES:DSD_STES@DF_INDSERV(4.3),,I,DEU,,M,,NODW,,IX,,F41,,Y,,_Z,,_Z,,N,,2000-10,,111.5575,,A,,0,,2,,2015,
DATAFLOW,OECD.SDD.STES:DSD_STES@DF_INDSERV(4.3),,I,DEU,,M,,NODW,,IX,,F41,,Y,,_Z,,_Z,,N,,2000-11,,107.393,,A,,0,,2,,2015,
DATAFLOW,OECD.SDD.STES:DSD_STES@DF_INDSERV(4.3),,I,DEU,,M,,NODW,,IX,,F41,,Y,,_Z,,_Z,,N,,2000-12,,100.957,,A,,0,,2,,2015,
DATAFLOW,OECD.SDD.STES:DSD_STES@DF_INDSERV(4.3),,I,DEU,,M,,NODW,,IX,,F41,,Y,,_Z,,_Z,,N,,2001-01,,88.21117,,A,,0,,2,,2015,
DATAFLOW,OECD.SDD.STES:DSD_STES@DF_INDSERV(4.3),,I,DEU,,M,,NODW,,IX,,F41,,Y,,_Z,,_Z,,N,,2001-02,,103.9857,,A,,0,,2,,2015,
DATAFLOW,OECD.SDD.STES:DSD_STES@DF_INDSERV(4.3),,I,DEU,,M,,NODW,,IX,,F41,,Y,,_Z,,_Z,,N,,2001-03,,100.7046,,A,,0,,2,,2015,
DATAFLOW,OECD.SDD.STES:DSD_STES@DF_INDSERV(4.3),,I,DEU,,M,,NODW,,IX,,F41,,Y,,_Z,,_Z,,N,,2001-04,,107.1406,,A,,0,,2,,2015,
DATAFLOW,OECD.SDD.STES:DSD_STES@DF_INDSERV(4.3),,I,DEU,,M,,NODW,,IX,,F41,,Y,,_Z,,_Z,,N,,2001-05,,113.829,,A,,0,,2,,2015,
DATAFLOW,OECD.SDD.STES:DSD_STES@DF_INDSERV(4.3),,I,DEU,,M,,NODW,,IX,,F41,,Y,,_Z,,_Z,,N,,2001-06,,112.567,,A,,0,,2,,2015,
DATAFLOW,OECD.SDD.STES:DSD_STES@DF_INDSERV(4.3),,I,DEU,,M,,NODW,,IX,,F41,,Y,,_Z,,_Z,,N,,2001-07,,112.4408,,A,,0,,2,,2015,
DATAFLOW,OECD.SDD.STES:DSD_STES@DF_INDSERV(4.3),,I,DEU,,M,,NODW,,IX,,F41,,Y,,_Z,,_Z,,N,,2001-08,,106.0048,,A,,0,,2,,2015,
DATAFLOW,OECD.SDD.STES:DSD_STES@DF_INDSERV(4.3),,I,DEU,,M,,NODW,,IX,,F41,,Y,,_Z,,_Z,,N,,2001-09,,103.1023,,A,,0,,2,,2015,
DATAFLOW,OECD.SDD.STES:DSD_STES@DF_INDSERV(4.3),,I,DEU,,M,,NODW,,IX,,F41,,Y,,_Z,,_Z,,N,,2001-10,,103.2285,,A,,0,,2,,2015,
DATAFLOW,OECD.SDD.STES:DSD_STES@DF_INDSERV(4.3),,I,DEU,,M,,NODW,,IX,,F41,,Y,,_Z,,_Z,,N,,2001-11,,90.73509,,A,,0,,2,,2015,
DATAFLOW,OECD.SDD.STES:DSD_STES@DF_INDSERV(4.3),,I,DEU,,M,,NODW,,IX,,F41,,Y,,_Z,,_Z,,N,,2001-12,,84.29909,,A,,0,,2,,2015,
DATAFLOW,OECD.SDD.STES:DSD_STES@DF_INDSERV(4.3),,I,DEU,,M,,NODW,,IX,,F41,,Y,,_Z,,_Z,,N,,2002-01,,92.62804,,A,,0,,2,,2015,
DATAFLOW,OECD.SDD.STES:DSD_STES@DF_INDSERV(4.3),,I,DEU,,M,,NODW,,IX,,F41,,Y,,_Z,,_Z,,N,,2002-02,,93.00662,,A,,0,,2,,2015,
DATAFLOW,OECD.SDD.STES:DSD_STES@DF_INDSERV(4.3),,I,DEU,,M,,NODW,,IX,,F41,,Y,,_Z,,_Z,,N,,2002-03,,89.34693,,A,,0,,2,,2015,
DATAFLOW,OECD.SDD.STES:DSD_STES@DF_INDSERV(4.3),,I,DEU,,M,,NODW,,IX,,F41,,Y,,_Z,,_Z,,N,,2002-04,,100.326,,A,,0,,2,,2015,
DATAFLOW,OECD.SDD.STES:DSD_STES@DF_INDSERV(4.3),,I,DEU,,M,,NODW,,IX,,F41,,Y,,_Z,,_Z,,N,,2002-05,,98.30687,,A,,0,,2,,2015,
DATAFLOW,OECD.SDD.STES:DSD_STES@DF_INDSERV(4.3),,I,DEU,,M,,NODW,,IX,,F41,,Y,,_Z,,_Z,,N,,2002-06,,96.91871,,A,,0,,2,,2015,
DATAFLOW,OECD.SDD.STES:DSD_STES@DF_INDSERV(4.3),,I,DEU,,M,,NODW,,IX,,F41,,Y,,_Z,,_Z,,N,,2002-07,,98.55926,,A,,0,,2,,2015,
DATAFLOW,OECD.SDD.STES:DSD_STES@DF_INDSERV(4.3),,I,DEU,,M,,NODW,,IX,,F41,,Y,,_Z,,_Z,,N,,2002-08,,94.26859,,A,,0,,2,,2015,
DATAFLOW,OECD.SDD.STES:DSD_STES@DF_INDSERV(4.3),,I,DEU,,M,,NODW,,IX,,F41,,Y,,_Z,,_Z,,N,,2002-09,,93.7638,,A,,0,,2,,2015,
DATAFLOW,OECD.SDD.STES:DSD_STES@DF_INDSERV(4.3),,I,DEU,,M,,NODW,,IX,,F41,,Y,,_Z,,_Z,,N,,2002-10,,86.9492,,A,,0,,2,,2015,
DATAFLOW,OECD.SDD.STES:DSD_STES@DF_INDSERV(4.3),,I,DEU,,M,,NODW,,IX,,F41,,Y,,_Z,,_Z,,N,,2002-11,,91.87086,,A,,0,,2,,2015,
DATAFLOW,OECD.SDD.STES:DSD_STES@DF_INDSERV(4.3),,I,DEU,,M,,NODW,,IX,,F41,,Y,,_Z,,_Z,,N,,2002-12,,126.5748,,A,,0,,2,,2015,
DATAFLOW,OECD.SDD.STES:DSD_STES@DF_INDSERV(4.3),,I,DEU,,M,,NODW,,IX,,F41,,Y,,_Z,,_Z,,N,,2003-01,,141.3398,,A,,0,,2,,2015,
DATAFLOW,OECD.SDD.STES:DSD_STES@DF_INDSERV(4.3),,I,DEU,,M,,NODW,,IX,,F41,,Y,,_Z,,_Z,,N,,2003-02,,124.4295,,A,,0,,2,,2015,
DATAFLOW,OECD.SDD.STES:DSD_STES@DF_INDSERV(4.3),,I,DEU,,M,,NODW,,IX,,F41,,Y,,_Z,,_Z,,N,,2003-03,,112.0623,,A,,0,,2,,2015,
DATAFLOW,OECD.SDD.STES:DSD_STES@DF_INDSERV(4.3),,I,DEU,,M,,NODW,,IX,,F41,,Y,,_Z,,_Z,,N,,2003-04,,103.2285,,A,,0,,2,,2015,
DATAFLOW,OECD.SDD.STES:DSD_STES@DF_INDSERV(4.3),,I,DEU,,M,,NODW,,IX,,F41,,Y,,_Z,,_Z,,N,,2003-05,,97.42349,,A,,0,,2,,2015,
DATAFLOW,OECD.SDD.STES:DSD_STES@DF_INDSERV(4.3),,I,DEU,,M,,NODW,,IX,,F41,,Y,,_Z,,_Z,,N,,2003-06,,95.65675,,A,,0,,2,,2015,
DATAFLOW,OECD.SDD.STES:DSD_STES@DF_INDSERV(4.3),,I,DEU,,M,,NODW,,IX,,F41,,Y,,_Z,,_Z,,N,,2003-07,,87.95878,,A,,0,,2,,2015,
DATAFLOW,OECD.SDD.STES:DSD_STES@DF_INDSERV(4.3),,I,DEU,,M,,NODW,,IX,,F41,,Y,,_Z,,_Z,,N,,2003-08,,94.39478,,A,,0,,2,,2015,
DATAFLOW,OECD.SDD.STES:DSD_STES@DF_INDSERV(4.3),,I,DEU,,M,,NODW,,IX,,F41,,Y,,_Z,,_Z,,N,,2003-09,,90.4827,,A,,0,,2,,2015,
DATAFLOW,OECD.SDD.STES:DSD_STES@DF_INDSERV(4.3),,I,DEU,,M,,NODW,,IX,,F41,,Y,,_Z,,_Z,,N,,2003-10,,94.39478,,A,,0,,2,,2015,
DATAFLOW,OECD.SDD.STES:DSD_STES@DF_INDSERV(4.3),,I,DEU,,M,,NODW,,IX,,F41,,Y,,_Z,,_Z,,N,,2003-11,,94.77337,,A,,0,,2,,2015,
DATAFLOW,OECD.SDD.STES:DSD_STES@DF_INDSERV(4.3),,I,DEU,,M,,NODW,,IX,,F41,,Y,,_Z,,_Z,,N,,2003-12,,120.7698,,A,,0,,2,,2015,
DATAFLOW,OECD.SDD.STES:DSD_STES@DF_INDSERV(4.3),,I,DEU,,M,,NODW,,IX,,F41,,Y,,_Z,,_Z,,N,,2004-01,,131.1179,,A,,0,,2,,2015,
DATAFLOW,OECD.SDD.STES:DSD_STES@DF_INDSERV(4.3),,I,DEU,,M,,NODW,,IX,,F41,,Y,,_Z,,_Z,,N,,2004-02,,125.4391,,A,,0,,2,,2015,
DATAFLOW,OECD.SDD.STES:DSD_STES@DF_INDSERV(4.3),,I,DEU,,M,,NODW,,IX,,F41,,Y,,_Z,,_Z,,N,,2004-03,,113.198,,A,,0,,2,,2015,
DATAFLOW,OECD.SDD.STES:DSD_STES@DF_INDSERV(4.3),,I,DEU,,M,,NODW,,IX,,F41,,Y,,_Z,,_Z,,N,,2004-04,,97.54969,,A,,0,,2,,2015,
DATAFLOW,OECD.SDD.STES:DSD_STES@DF_INDSERV(4.3),,I,DEU,,M,,NODW,,IX,,F41,,Y,,_Z,,_Z,,N,,2004-05,,88.71595,,A,,0,,2,,2015,
DATAFLOW,OECD.SDD.STES:DSD_STES@DF_INDSERV(4.3),,I,DEU,,M,,NODW,,IX,,F41,,Y,,_Z,,_Z,,N,,2004-06,,81.64896,,A,,0,,2,,2015,
DATAFLOW,OECD.SDD.STES:DSD_STES@DF_INDSERV(4.3),,I,DEU,,M,,NODW,,IX,,F41,,Y,,_Z,,_Z,,N,,2004-07,,76.34872,,A,,0,,2,,2015,
DATAFLOW,OECD.SDD.STES:DSD_STES@DF_INDSERV(4.3),,I,DEU,,M,,NODW,,IX,,F41,,Y,,_Z,,_Z,,N,,2004-08,,81.14418,,A,,0,,2,,2015,
DATAFLOW,OECD.SDD.STES:DSD_STES@DF_INDSERV(4.3),,I,DEU,,M,,NODW,,IX,,F41,,Y,,_Z,,_Z,,N,,2004-09,,77.61069,,A,,0,,2,,2015,
DATAFLOW,OECD.SDD.STES:DSD_STES@DF_INDSERV(4.3),,I,DEU,,M,,NODW,,IX,,F41,,Y,,_Z,,_Z,,N,,2004-10,,80.2608,,A,,0,,2,,2015,
DATAFLOW,OECD.SDD.STES:DSD_STES@DF_INDSERV(4.3),,I,DEU,,M,,NODW,,IX,,F41,,Y,,_Z,,_Z,,N,,2004-11,,82.53234,,A,,0,,2,,2015,
DATAFLOW,OECD.SDD.STES:DSD_STES@DF_INDSERV(4.3),,I,DEU,,M,,NODW,,IX,,F41,,Y,,_Z,,_Z,,N,,2004-12,,75.84394,,A,,0,,2,,2015,
DATAFLOW,OECD.SDD.STES:DSD_STES@DF_INDSERV(4.3),,I,DEU,,M,,NODW,,IX,,F41,,Y,,_Z,,_Z,,N,,2005-01,,90.86129,,A,,0,,2,,2015,
DATAFLOW,OECD.SDD.STES:DSD_STES@DF_INDSERV(4.3),,I,DEU,,M,,NODW,,IX,,F41,,Y,,_Z,,_Z,,N,,2005-02,,85.30865,,A,,0,,2,,2015,
DATAFLOW,OECD.SDD.STES:DSD_STES@DF_INDSERV(4.3),,I,DEU,,M,,NODW,,IX,,F41,,Y,,_Z,,_Z,,N,,2005-03,,79.25124,,A,,0,,2,,2015,
DATAFLOW,OECD.SDD.STES:DSD_STES@DF_INDSERV(4.3),,I,DEU,,M,,NODW,,IX,,F41,,Y,,_Z,,_Z,,N,,2005-04,,75.21296,,A,,0,,2,,2015,
DATAFLOW,OECD.SDD.STES:DSD_STES@DF_INDSERV(4.3),,I,DEU,,M,,NODW,,IX,,F41,,Y,,_Z,,_Z,,N,,2005-05,,83.41571,,A,,0,,2,,2015,
DATAFLOW,OECD.SDD.STES:DSD_STES@DF_INDSERV(4.3),,I,DEU,,M,,NODW,,IX,,F41,,Y,,_Z,,_Z,,N,,2005-06,,78.87265,,A,,0,,2,,2015,
DATAFLOW,OECD.SDD.STES:DSD_STES@DF_INDSERV(4.3),,I,DEU,,M,,NODW,,IX,,F41,,Y,,_Z,,_Z,,N,,2005-07,,79.88222,,A,,0,,2,,2015,
DATAFLOW,OECD.SDD.STES:DSD_STES@DF_INDSERV(4.3),,I,DEU,,M,,NODW,,IX,,F41,,Y,,_Z,,_Z,,N,,2005-08,,80.5132,,A,,0,,2,,2015,
DATAFLOW,OECD.SDD.STES:DSD_STES@DF_INDSERV(4.3),,I,DEU,,M,,NODW,,IX,,F41,,Y,,_Z,,_Z,,N,,2016-07,,106.6358,,A,,0,,2,,2015,
DATAFLOW,OECD.SDD.STES:DSD_STES@DF_INDSERV(4.3),,I,DEU,,M,,NODW,,IX,,F41,,Y,,_Z,,_Z,,N,,2016-08,,109.4121,,A,,0,,2,,2015,
DATAFLOW,OECD.SDD.STES:DSD_STES@DF_INDSERV(4.3),,I,DEU,,M,,NODW,,IX,,F41,,Y,,_Z,,_Z,,N,,2016-09,,115.3434,,A,,0,,2,,2015,
DATAFLOW,OECD.SDD.STES:DSD_STES@DF_INDSERV(4.3),,I,DEU,,M,,NODW,,IX,,F41,,Y,,_Z,,_Z,,N,,2016-10,,116.7315,,A,,0,,2,,2015,
DATAFLOW,OECD.SDD.STES:DSD_STES@DF_INDSERV(4.3),,I,DEU,,M,,NODW,,IX,,F41,,Y,,_Z,,_Z,,N,,2016-11,,126.4486,,A,,0,,2,,2015,
DATAFLOW,OECD.SDD.STES:DSD_STES@DF_INDSERV(4.3),,I,DEU,,M,,NODW,,IX,,F41,,Y,,_Z,,_Z,,N,,2016-12,,115.091,,A,,0,,2,,2015,
DATAFLOW,OECD.SDD.STES:DSD_STES@DF_INDSERV(4.3),,I,DEU,,M,,NODW,,IX,,F41,,Y,,_Z,,_Z,,N,,2017-01,,110.8003,,A,,0,,2,,2015,
DATAFLOW,OECD.SDD.STES:DSD_STES@DF_INDSERV(4.3),,I,DEU,,M,,NODW,,IX,,F41,,Y,,_Z,,_Z,,N,,2017-02,,108.5288,,A,,0,,2,,2015,
DATAFLOW,OECD.SDD.STES:DSD_STES@DF_INDSERV(4.3),,I,DEU,,M,,NODW,,IX,,F41,,Y,,_Z,,_Z,,N,,2017-03,,111.3051,,A,,0,,2,,2015,
DATAFLOW,OECD.SDD.STES:DSD_STES@DF_INDSERV(4.3),,I,DEU,,M,,NODW,,IX,,F41,,Y,,_Z,,_Z,,N,,2017-04,,112.567,,A,,0,,2,,2015,
DATAFLOW,OECD.SDD.STES:DSD_STES@DF_INDSERV(4.3),,I,DEU,,M,,NODW,,IX,,F41,,Y,,_Z,,_Z,,N,,2017-05,,114.9648,,A,,0,,2,,2015,
DATAFLOW,OECD.SDD.STES:DSD_STES@DF_INDSERV(4.3),,I,DEU,,M,,NODW,,IX,,F41,,Y,,_Z,,_Z,,N,,2017-06,,120.6436,,A,,0,,2,,2015,
DATAFLOW,OECD.SDD.STES:DSD_STES@DF_INDSERV(4.3),,I,DEU,,M,,NODW,,IX,,F41,,Y,,_Z,,_Z,,N,,2017-07,,111.3051,,A,,0,,2,,2015,
DATAFLOW,OECD.SDD.STES:DSD_STES@DF_INDSERV(4.3),,I,DEU,,M,,NODW,,IX,,F41,,Y,,_Z,,_Z,,N,,2012-01,,62.97192,,A,,0,,2,,2015,
DATAFLOW,OECD.SDD.STES:DSD_STES@DF_INDSERV(4.3),,I,DEU,,M,,NODW,,IX,,F41,,Y,,_Z,,_Z,,N,,2012-02,,72.81523,,A,,0,,2,,2015,
DATAFLOW,OECD.SDD.STES:DSD_STES@DF_INDSERV(4.3),,I,DEU,,M,,NODW,,IX,,F41,,Y,,_Z,,_Z,,N,,2012-03,,79.75602,,A,,0,,2,,2015,
DATAFLOW,OECD.SDD.STES:DSD_STES@DF_INDSERV(4.3),,I,DEU,,M,,NODW,,IX,,F41,,Y,,_Z,,_Z,,N,,2012-04,,73.06762,,A,,0,,2,,2015,
DATAFLOW,OECD.SDD.STES:DSD_STES@DF_INDSERV(4.3),,I,DEU,,M,,NODW,,IX,,F41,,Y,,_Z,,_Z,,N,,2012-05,,87.95878,,A,,0,,2,,2015,
DATAFLOW,OECD.SDD.STES:DSD_STES@DF_INDSERV(4.3),,I,DEU,,M,,NODW,,IX,,F41,,Y,,_Z,,_Z,,N,,2012-06,,91.74466,,A,,0,,2,,2015,
DATAFLOW,OECD.SDD.STES:DSD_STES@DF_INDSERV(4.3),,I,DEU,,M,,NODW,,IX,,F41,,Y,,_Z,,_Z,,N,,2018-10,,103.6071,,A,,0,,2,,2015,
DATAFLOW,OECD.SDD.STES:DSD_STES@DF_INDSERV(4.3),,I,DEU,,M,,NODW,,IX,,F41,,Y,,_Z,,_Z,,N,,2018-11,,106.762,,A,,0,,2,,2015,
DATAFLOW,OECD.SDD.STES:DSD_STES@DF_INDSERV(4.3),,I,DEU,,M,,NODW,,IX,,F41,,Y,,_Z,,_Z,,N,,2012-07,,83.54191,,A,,0,,2,,2015,
DATAFLOW,OECD.SDD.STES:DSD_STES@DF_INDSERV(4.3),,I,DEU,,M,,NODW,,IX,,F41,,Y,,_Z,,_Z,,N,,2012-08,,83.54191,,A,,0,,2,,2015,
DATAFLOW,OECD.SDD.STES:DSD_STES@DF_INDSERV(4.3),,I,DEU,,M,,NODW,,IX,,F41,,Y,,_Z,,_Z,,N,,2012-09,,85.05626,,A,,0,,2,,2015,
DATAFLOW,OECD.SDD.STES:DSD_STES@DF_INDSERV(4.3),,I,DEU,,M,,NODW,,IX,,F41,,Y,,_Z,,_Z,,N,,2019-11,,126.5748,,A,,0,,2,,2015,
DATAFLOW,OECD.SDD.STES:DSD_STES@DF_INDSERV(4.3),,I,DEU,,M,,NODW,,IX,,F41,,Y,,_Z,,_Z,,N,,2019-12,,140.835,,A,,0,,2,,2015,
DATAFLOW,OECD.SDD.STES:DSD_STES@DF_INDSERV(4.3),,I,DEU,,M,,NODW,,IX,,F41,,Y,,_Z,,_Z,,N,,2020-01,,121.9056,,A,,0,,2,,2015,
DATAFLOW,OECD.SDD.STES:DSD_STES@DF_INDSERV(4.3),,I,DEU,,M,,NODW,,IX,,F41,,Y,,_Z,,_Z,,N,,2020-02,,107.8978,,A,,0,,2,,2015,
DATAFLOW,OECD.SDD.STES:DSD_STES@DF_INDSERV(4.3),,I,DEU,,M,,NODW,,IX,,F41,,Y,,_Z,,_Z,,N,,2009-05,,61.33137,,A,,0,,2,,2015,
DATAFLOW,OECD.SDD.STES:DSD_STES@DF_INDSERV(4.3),,I,DEU,,M,,NODW,,IX,,F41,,Y,,_Z,,_Z,,N,,2009-06,,55.40015,,A,,0,,2,,2015,
DATAFLOW,OECD.SDD.STES:DSD_STES@DF_INDSERV(4.3),,I,DEU,,M,,NODW,,IX,,F41,,Y,,_Z,,_Z,,N,,2009-07,,57.67168,,A,,0,,2,,2015,
DATAFLOW,OECD.SDD.STES:DSD_STES@DF_INDSERV(4.3),,I,DEU,,M,,NODW,,IX,,F41,,Y,,_Z,,_Z,,N,,2009-08,,63.6029,,A,,0,,2,,2015,
DATAFLOW,OECD.SDD.STES:DSD_STES@DF_INDSERV(4.3),,I,DEU,,M,,NODW,,IX,,F41,,Y,,_Z,,_Z,,N,,2009-09,,61.33137,,A,,0,,2,,2015,
DATAFLOW,OECD.SDD.STES:DSD_STES@DF_INDSERV(4.3),,I,DEU,,M,,NODW,,IX,,F41,,Y,,_Z,,_Z,,N,,2009-10,,65.11726,,A,,0,,2,,2015,
DATAFLOW,OECD.SDD.STES:DSD_STES@DF_INDSERV(4.3),,I,DEU,,M,,NODW,,IX,,F41,,Y,,_Z,,_Z,,N,,2009-11,,64.61247,,A,,0,,2,,2015,
DATAFLOW,OECD.SDD.STES:DSD_STES@DF_INDSERV(4.3),,I,DEU,,M,,NODW,,IX,,F41,,Y,,_Z,,_Z,,N,,2009-12,,66.7578,,A,,0,,2,,2015,
DATAFLOW,OECD.SDD.STES:DSD_STES@DF_INDSERV(4.3),,I,DEU,,M,,NODW,,IX,,F41,,Y,,_Z,,_Z,,N,,2010-01,,63.09812,,A,,0,,2,,2015,
DATAFLOW,OECD.SDD.STES:DSD_STES@DF_INDSERV(4.3),,I,DEU,,M,,NODW,,IX,,F41,,Y,,_Z,,_Z,,N,,2010-02,,61.83615,,A,,0,,2,,2015,
DATAFLOW,OECD.SDD.STES:DSD_STES@DF_INDSERV(4.3),,I,DEU,,M,,NODW,,IX,,F41,,Y,,_Z,,_Z,,N,,2010-03,,57.67168,,A,,0,,2,,2015,
DATAFLOW,OECD.SDD.STES:DSD_STES@DF_INDSERV(4.3),,I,DEU,,M,,NODW,,IX,,F41,,Y,,_Z,,_Z,,N,,2010-04,,51.74046,,A,,0,,2,,2015,
DATAFLOW,OECD.SDD.STES:DSD_STES@DF_INDSERV(4.3),,I,DEU,,M,,NODW,,IX,,F41,,Y,,_Z,,_Z,,N,,2010-05,,60.70039,,A,,0,,2,,2015,
DATAFLOW,OECD.SDD.STES:DSD_STES@DF_INDSERV(4.3),,I,DEU,,M,,NODW,,IX,,F41,,Y,,_Z,,_Z,,N,,2010-06,,63.35051,,A,,0,,2,,2015,
DATAFLOW,OECD.SDD.STES:DSD_STES@DF_INDSERV(4.3),,I,DEU,,M,,NODW,,IX,,F41,,Y,,_Z,,_Z,,N,,2010-07,,68.14597,,A,,0,,2,,2015,
DATAFLOW,OECD.SDD.STES:DSD_STES@DF_INDSERV(4.3),,I,DEU,,M,,NODW,,IX,,F41,,Y,,_Z,,_Z,,N,,2010-08,,70.92229,,A,,0,,2,,2015,
DATAFLOW,OECD.SDD.STES:DSD_STES@DF_INDSERV(4.3),,I,DEU,,M,,NODW,,IX,,F41,,Y,,_Z,,_Z,,N,,2010-09,,67.0102,,A,,0,,2,,2015,
DATAFLOW,OECD.SDD.STES:DSD_STES@DF_INDSERV(4.3),,I,DEU,,M,,NODW,,IX,,F41,,Y,,_Z,,_Z,,N,,2010-10,,70.03891,,A,,0,,2,,2015,
DATAFLOW,OECD.SDD.STES:DSD_STES@DF_INDSERV(4.3),,I,DEU,,M,,NODW,,IX,,F41,,Y,,_Z,,_Z,,N,,2010-11,,75.21296,,A,,0,,2,,2015,
DATAFLOW,OECD.SDD.STES:DSD_STES@DF_INDSERV(4.3),,I,DEU,,M,,NODW,,IX,,F41,,Y,,_Z,,_Z,,N,,2010-12,,58.68125,,A,,0,,2,,2015,
DATAFLOW,OECD.SDD.STES:DSD_STES@DF_INDSERV(4.3),,I,DEU,,M,,NODW,,IX,,F41,,Y,,_Z,,_Z,,N,,2011-01,,72.56284,,A,,0,,2,,2015,
DATAFLOW,OECD.SDD.STES:DSD_STES@DF_INDSERV(4.3),,I,DEU,,M,,NODW,,IX,,F41,,Y,,_Z,,_Z,,N,,2011-02,,75.08676,,A,,0,,2,,2015,
DATAFLOW,OECD.SDD.STES:DSD_STES@DF_INDSERV(4.3),,I,DEU,,M,,NODW,,IX,,F41,,Y,,_Z,,_Z,,N,,2011-03,,82.40614,,A,,0,,2,,2015,
DATAFLOW,OECD.SDD.STES:DSD_STES@DF_INDSERV(4.3),,I,DEU,,M,,NODW,,IX,,F41,,Y,,_Z,,_Z,,N,,1994-01,,355.1162,,A,,0,,2,,2015,
DATAFLOW,OECD.SDD.STES:DSD_STES@DF_INDSERV(4.3),,I,DEU,,M,,NODW,,IX,,F41,,Y,,_Z,,_Z,,N,,1994-02,,339.4679,,A,,0,,2,,2015,
DATAFLOW,OECD.SDD.STES:DSD_STES@DF_INDSERV(4.3),,I,DEU,,M,,NODW,,IX,,F41,,Y,,_Z,,_Z,,N,,1994-03,,350.3207,,A,,0,,2,,2015,
DATAFLOW,OECD.SDD.STES:DSD_STES@DF_INDSERV(4.3),,I,DEU,,M,,NODW,,IX,,F41,,Y,,_Z,,_Z,,N,,1994-04,,359.2807,,A,,0,,2,,2015,
DATAFLOW,OECD.SDD.STES:DSD_STES@DF_INDSERV(4.3),,I,DEU,,M,,NODW,,IX,,F41,,Y,,_Z,,_Z,,N,,1994-05,,344.5157,,A,,0,,2,,2015,
DATAFLOW,OECD.SDD.STES:DSD_STES@DF_INDSERV(4.3),,I,DEU,,M,,NODW,,IX,,F41,,Y,,_Z,,_Z,,N,,1994-06,,361.2998,,A,,0,,2,,2015,
DATAFLOW,OECD.SDD.STES:DSD_STES@DF_INDSERV(4.3),,I,DEU,,M,,NODW,,IX,,F41,,Y,,_Z,,_Z,,N,,1994-07,,352.2137,,A,,0,,2,,2015,
DATAFLOW,OECD.SDD.STES:DSD_STES@DF_INDSERV(4.3),,I,DEU,,M,,NODW,,IX,,F41,,Y,,_Z,,_Z,,N,,1994-08,,363.4452,,A,,0,,2,,2015,
DATAFLOW,OECD.SDD.STES:DSD_STES@DF_INDSERV(4.3),,I,DEU,,M,,NODW,,IX,,F41,,Y,,_Z,,_Z,,N,,1994-09,,354.6114,,A,,0,,2,,2015,
DATAFLOW,OECD.SDD.STES:DSD_STES@DF_INDSERV(4.3),,I,DEU,,M,,NODW,,IX,,F41,,Y,,_Z,,_Z,,N,,1994-10,,382.3746,,A,,0,,2,,2015,
DATAFLOW,OECD.SDD.STES:DSD_STES@DF_INDSERV(4.3),,I,DEU,,M,,NODW,,IX,,F41,,Y,,_Z,,_Z,,N,,1994-11,,356.1258,,A,,0,,2,,2015,
DATAFLOW,OECD.SDD.STES:DSD_STES@DF_INDSERV(4.3),,I,DEU,,M,,NODW,,IX,,F41,,Y,,_Z,,_Z,,N,,2023-03,,89.22074,,A,,0,,2,,2015,
DATAFLOW,OECD.SDD.STES:DSD_STES@DF_INDSERV(4.3),,I,DEU,,M,,NODW,,IX,,F41,,Y,,_Z,,_Z,,N,,2023-04,,82.91093,,A,,0,,2,,2015,
DATAFLOW,OECD.SDD.STES:DSD_STES@DF_INDSERV(4.3),,I,DEU,,M,,NODW,,IX,,F41,,Y,,_Z,,_Z,,N,,2023-05,,85.05626,,A,,0,,2,,2015,
DATAFLOW,OECD.SDD.STES:DSD_STES@DF_INDSERV(4.3),,I,DEU,,M,,NODW,,IX,,F41,,Y,,_Z,,_Z,,N,,2023-06,,76.72731,,A,,0,,2,,2015,
DATAFLOW,OECD.SDD.STES:DSD_STES@DF_INDSERV(4.3),,I,DEU,,M,,NODW,,IX,,F41,,Y,,_Z,,_Z,,N,,2023-07,,77.48449,,A,,0,,2,,2015,
DATAFLOW,OECD.SDD.STES:DSD_STES@DF_INDSERV(4.3),,I,DEU,,M,,NODW,,IX,,F41,,Y,,_Z,,_Z,,N,,2023-08,,68.77695,,A,,0,,2,,2015,
DATAFLOW,OECD.SDD.STES:DSD_STES@DF_INDSERV(4.3),,I,DEU,,M,,NODW,,IX,,F41,,Y,,_Z,,_Z,,N,,2023-09,,81.01798,,A,,0,,2,,2015,
DATAFLOW,OECD.SDD.STES:DSD_STES@DF_INDSERV(4.3),,I,DEU,,M,,NODW,,IX,,F41,,Y,,_Z,,_Z,,N,,2023-10,,86.9492,,A,,0,,2,,2015,
DATAFLOW,OECD.SDD.STES:DSD_STES@DF_INDSERV(4.3),,I,DEU,,M,,NODW,,IX,,F41,,Y,,_Z,,_Z,,N,,2023-11,,78.49406,,A,,0,,2,,2015,
DATAFLOW,OECD.SDD.STES:DSD_STES@DF_INDSERV(4.3),,I,DEU,,M,,NODW,,IX,,F41,,Y,,_Z,,_Z,,N,,2023-12,,64.99106,,A,,0,,2,,2015,
DATAFLOW,OECD.SDD.STES:DSD_STES@DF_INDSERV(4.3),,I,DEU,,M,,NODW,,IX,,F41,,Y,,_Z,,_Z,,N,,2024-01,,68.01977,,A,,0,,2,,2015,
DATAFLOW,OECD.SDD.STES:DSD_STES@DF_INDSERV(4.3),,I,DEU,,M,,NODW,,IX,,F41,,Y,,_Z,,_Z,,N,,2024-02,,73.32001,,A,,0,,2,,2015,
DATAFLOW,OECD.SDD.STES:DSD_STES@DF_INDSERV(4.3),,I,DEU,,M,,NODW,,IX,,F41,,Y,,_Z,,_Z,,N,,2024-03,,69.02934,,A,,0,,2,,2015,
DATAFLOW,OECD.SDD.STES:DSD_STES@DF_INDSERV(4.3),,I,DEU,,M,,NODW,,IX,,F41,,Y,,_Z,,_Z,,N,,2024-04,,65.49585,,A,,0,,2,,2015,
DATAFLOW,OECD.SDD.STES:DSD_STES@DF_INDSERV(4.3),,I,DEU,,M,,NODW,,IX,,F41,,Y,,_Z,,_Z,,N,,2024-05,,63.7291,,A,,0,,2,,2015,
DATAFLOW,OECD.SDD.STES:DSD_STES@DF_INDSERV(4.3),,I,DEU,,M,,NODW,,IX,,F41,,Y,,_Z,,_Z,,N,,2024-06,,64.99106,,A,,0,,2,,2015,
DATAFLOW,OECD.SDD.STES:DSD_STES@DF_INDSERV(4.3),,I,DEU,,M,,NODW,,IX,,F41,,Y,,_Z,,_Z,,N,,2024-07,,56.53591,,A,,0,,2,,2015,
DATAFLOW,OECD.SDD.STES:DSD_STES@DF_INDSERV(4.3),,I,DEU,,M,,NODW,,IX,,F41,,Y,,_Z,,_Z,,N,,2024-08,,67.1364,,A,,0,,2,,2015,
DATAFLOW,OECD.SDD.STES:DSD_STES@DF_INDSERV(4.3),,I,DEU,,M,,NODW,,IX,,F41,,Y,,_Z,,_Z,,N,,2024-09,,55.40015,,A,,0,,2,,2015,
DATAFLOW,OECD.SDD.STES:DSD_STES@DF_INDSERV(4.3),,I,DEU,,M,,NODW,,IX,,F41,,Y,,_Z,,_Z,,N,,2024-10,,66.50542,,A,,0,,2,,2015,
DATAFLOW,OECD.SDD.STES:DSD_STES@DF_INDSERV(4.3),,I,DEU,,M,,NODW,,IX,,F41,,Y,,_Z,,_Z,,N,,2024-11,,66.25302,,A,,0,,2,,2015,
DATAFLOW,OECD.SDD.STES:DSD_STES@DF_INDSERV(4.3),,I,DEU,,M,,NODW,,IX,,F41,,Y,,_Z,,_Z,,N,,2024-12,,72.05805,,A,,0,,2,,2015,
DATAFLOW,OECD.SDD.STES:DSD_STES@DF_INDSERV(4.3),,I,DEU,,M,,NODW,,IX,,F41,,Y,,_Z,,_Z,,N,,2025-01,,73.8248,,A,,0,,2,,2015,
DATAFLOW,OECD.SDD.STES:DSD_STES@DF_INDSERV(4.3),,I,DEU,,M,,NODW,,IX,,F41,,Y,,_Z,,_Z,,N,,2025-02,,70.03891,,A,,0,,2,,2015,
DATAFLOW,OECD.SDD.STES:DSD_STES@DF_INDSERV(4.3),,I,DEU,,M,,NODW,,IX,,F41,,Y,,_Z,,_Z,,N,,2025-03,,71.55327,,A,,0,,2,,2015,
DATAFLOW,OECD.SDD.STES:DSD_STES@DF_INDSERV(4.3),,I,DEU,,M,,NODW,,IX,,F41,,Y,,_Z,,_Z,,N,,2025-04,,69.66032,,A,,0,,2,,2015,
DATAFLOW,OECD.SDD.STES:DSD_STES@DF_INDSERV(4.3),,I,DEU,,M,,NODW,,IX,,F41,,Y,,_Z,,_Z,,N,,2025-05,,60.448,,A,,0,,2,,2015,
DATAFLOW,OECD.SDD.STES:DSD_STES@DF_INDSERV(4.3),,I,DEU,,M,,NODW,,IX,,F41,,Y,,_Z,,_Z,,N,,2025-06,,72.18425,,A,,0,,2,,2015,
DATAFLOW,OECD.SDD.STES:DSD_STES@DF_INDSERV(4.3),,I,DEU,,M,,NODW,,IX,,F41,,Y,,_Z,,_Z,,N,,2025-07,,77.1059,,A,,0,,2,,2015,
DATAFLOW,OECD.SDD.STES:DSD_STES@DF_INDSERV(4.3),,I,DEU,,M,,NODW,,IX,,F41,,Y,,_Z,,_Z,,N,,2025-08,,72.81523,,A,,0,,2,,2015,
DATAFLOW,OECD.SDD.STES:DSD_STES@DF_INDSERV(4.3),,I,DEU,,M,,NODW,,IX,,F41,,Y,,_Z,,_Z,,N,,2025-09,,93.7638,,A,,0,,2,,2015,
DATAFLOW,OECD.SDD.STES:DSD_STES@DF_INDSERV(4.3),,I,DEU,,M,,NODW,,IX,,F41,,Y,,_Z,,_Z,,N,,2025-10,,75.71774,,A,,0,,2,,2015,
DATAFLOW,OECD.SDD.STES:DSD_STES@DF_INDSERV(4.3),,I,DEU,,M,,NODW,,IX,,F41,,Y,,_Z,,_Z,,N,,2025-11,,76.97971,,A,,0,,2,,2015,
DATAFLOW,OECD.SDD.STES:DSD_STES@DF_INDSERV(4.3),,I,DEU,,M,,NODW,,IX,,F41,,Y,,_Z,,_Z,,N,,2025-12,,73.44621,,A,,0,,2,,2015,
DATAFLOW,OECD.SDD.STES:DSD_STES@DF_INDSERV(4.3),,I,DEU,,M,,NODW,,IX,,F41,,Y,,_Z,,_Z,,N,,2026-01,,83.03712,,A,,0,,2,,2015,
DATAFLOW,OECD.SDD.STES:DSD_STES@DF_INDSERV(4.3),,I,DEU,,M,,NODW,,IX,,F41,,Y,,_Z,,_Z,,N,,1994-12,,352.3399,,A,,0,,2,,2015,
DATAFLOW,OECD.SDD.STES:DSD_STES@DF_INDSERV(4.3),,I,DEU,,M,,NODW,,IX,,F41,,Y,,_Z,,_Z,,N,,1995-01,,351.5827,,A,,0,,2,,2015,
DATAFLOW,OECD.SDD.STES:DSD_STES@DF_INDSERV(4.3),,I,DEU,,M,,NODW,,IX,,F41,,Y,,_Z,,_Z,,N,,1995-02,,349.0588,,A,,0,,2,,2015,
DATAFLOW,OECD.SDD.STES:DSD_STES@DF_INDSERV(4.3),,I,DEU,,M,,NODW,,IX,,F41,,Y,,_Z,,_Z,,N,,1995-03,,332.6533,,A,,0,,2,,2015,
DATAFLOW,OECD.SDD.STES:DSD_STES@DF_INDSERV(4.3),,I,DEU,,M,,NODW,,IX,,F41,,Y,,_Z,,_Z,,N,,1995-04,,334.7986,,A,,0,,2,,2015,
DATAFLOW,OECD.SDD.STES:DSD_STES@DF_INDSERV(4.3),,I,DEU,,M,,NODW,,IX,,F41,,Y,,_Z,,_Z,,N,,1995-05,,317.7621,,A,,0,,2,,2015,
DATAFLOW,OECD.SDD.STES:DSD_STES@DF_INDSERV(4.3),,I,DEU,,M,,NODW,,IX,,F41,,Y,,_Z,,_Z,,N,,1995-06,,299.7161,,A,,0,,2,,2015,
DATAFLOW,OECD.SDD.STES:DSD_STES@DF_INDSERV(4.3),,I,DEU,,M,,NODW,,IX,,F41,,Y,,_Z,,_Z,,N,,1995-07,,322.179,,A,,0,,2,,2015,
DATAFLOW,OECD.SDD.STES:DSD_STES@DF_INDSERV(4.3),,I,DEU,,M,,NODW,,IX,,F41,,Y,,_Z,,_Z,,N,,1995-08,,308.676,,A,,0,,2,,2015,
DATAFLOW,OECD.SDD.STES:DSD_STES@DF_INDSERV(4.3),,I,DEU,,M,,NODW,,IX,,F41,,Y,,_Z,,_Z,,N,,1995-09,,300.0946,,A,,0,,2,,2015,
DATAFLOW,OECD.SDD.STES:DSD_STES@DF_INDSERV(4.3),,I,DEU,,M,,NODW,,IX,,F41,,Y,,_Z,,_Z,,N,,1995-10,,287.9798,,A,,0,,2,,2015,
DATAFLOW,OECD.SDD.STES:DSD_STES@DF_INDSERV(4.3),,I,DEU,,M,,NODW,,IX,,F41,,Y,,_Z,,_Z,,N,,1995-11,,302.871,,A,,0,,2,,2015,
DATAFLOW,OECD.SDD.STES:DSD_STES@DF_INDSERV(4.3),,I,DEU,,M,,NODW,,IX,,F41,,Y,,_Z,,_Z,,N,,1995-12,,338.9631,,A,,0,,2,,2015,
DATAFLOW,OECD.SDD.STES:DSD_STES@DF_INDSERV(4.3),,I,DEU,,M,,NODW,,IX,,F41,,Y,,_Z,,_Z,,N,,1996-01,,300.4732,,A,,0,,2,,2015,
DATAFLOW,OECD.SDD.STES:DSD_STES@DF_INDSERV(4.3),,I,DEU,,M,,NODW,,IX,,F41,,Y,,_Z,,_Z,,N,,1996-02,,293.6586,,A,,0,,2,,2015,
DATAFLOW,OECD.SDD.STES:DSD_STES@DF_INDSERV(4.3),,I,DEU,,M,,NODW,,IX,,F41,,Y,,_Z,,_Z,,N,,1996-03,,306.1521,,A,,0,,2,,2015,
DATAFLOW,OECD.SDD.STES:DSD_STES@DF_INDSERV(4.3),,I,DEU,,M,,NODW,,IX,,F41,,Y,,_Z,,_Z,,N,,2013-10,,90.10411,,A,,0,,2,,2015,
DATAFLOW,OECD.SDD.STES:DSD_STES@DF_INDSERV(4.3),,I,DEU,,M,,NODW,,IX,,F41,,Y,,_Z,,_Z,,N,,2013-11,,89.85172,,A,,0,,2,,2015,
DATAFLOW,OECD.SDD.STES:DSD_STES@DF_INDSERV(4.3),,I,DEU,,M,,NODW,,IX,,F41,,Y,,_Z,,_Z,,N,,2013-12,,87.58018,,A,,0,,2,,2015,
DATAFLOW,OECD.SDD.STES:DSD_STES@DF_INDSERV(4.3),,I,DEU,,M,,NODW,,IX,,F41,,Y,,_Z,,_Z,,N,,2014-01,,98.68546,,A,,0,,2,,2015,
DATAFLOW,OECD.SDD.STES:DSD_STES@DF_INDSERV(4.3),,I,DEU,,M,,NODW,,IX,,F41,,Y,,_Z,,_Z,,N,,2014-02,,90.60889,,A,,0,,2,,2015,
DATAFLOW,OECD.SDD.STES:DSD_STES@DF_INDSERV(4.3),,I,DEU,,M,,NODW,,IX,,F41,,Y,,_Z,,_Z,,N,,2014-03,,93.13282,,A,,0,,2,,2015,
DATAFLOW,OECD.SDD.STES:DSD_STES@DF_INDSERV(4.3),,I,DEU,,M,,NODW,,IX,,F41,,Y,,_Z,,_Z,,N,,2014-04,,93.13282,,A,,0,,2,,2015,
DATAFLOW,OECD.SDD.STES:DSD_STES@DF_INDSERV(4.3),,I,DEU,,M,,NODW,,IX,,F41,,Y,,_Z,,_Z,,N,,2014-05,,94.89957,,A,,0,,2,,2015,
DATAFLOW,OECD.SDD.STES:DSD_STES@DF_INDSERV(4.3),,I,DEU,,M,,NODW,,IX,,F41,,Y,,_Z,,_Z,,N,,2014-06,,91.74466,,A,,0,,2,,2015,
DATAFLOW,OECD.SDD.STES:DSD_STES@DF_INDSERV(4.3),,I,DEU,,M,,NODW,,IX,,F41,,Y,,_Z,,_Z,,N,,1996-08,,283.6891,,A,,0,,2,,2015,
DATAFLOW,OECD.SDD.STES:DSD_STES@DF_INDSERV(4.3),,I,DEU,,M,,NODW,,IX,,F41,,Y,,_Z,,_Z,,N,,1996-09,,277.0007,,A,,0,,2,,2015,
DATAFLOW,OECD.SDD.STES:DSD_STES@DF_INDSERV(4.3),,I,DEU,,M,,NODW,,IX,,F41,,Y,,_Z,,_Z,,N,,1996-10,,269.0504,,A,,0,,2,,2015,
DATAFLOW,OECD.SDD.STES:DSD_STES@DF_INDSERV(4.3),,I,DEU,,M,,NODW,,IX,,F41,,Y,,_Z,,_Z,,N,,1996-11,,277.7579,,A,,0,,2,,2015,
DATAFLOW,OECD.SDD.STES:DSD_STES@DF_INDSERV(4.3),,I,DEU,,M,,NODW,,IX,,F41,,Y,,_Z,,_Z,,N,,1996-12,,273.8458,,A,,0,,2,,2015,
DATAFLOW,OECD.SDD.STES:DSD_STES@DF_INDSERV(4.3),,I,DEU,,M,,NODW,,IX,,F41,,Y,,_Z,,_Z,,N,,1997-01,,273.0887,,A,,0,,2,,2015,
DATAFLOW,OECD.SDD.STES:DSD_STES@DF_INDSERV(4.3),,I,DEU,,M,,NODW,,IX,,F41,,Y,,_Z,,_Z,,N,,1997-02,,310.0641,,A,,0,,2,,2015,
DATAFLOW,OECD.SDD.STES:DSD_STES@DF_INDSERV(4.3),,I,DEU,,M,,NODW,,IX,,F41,,Y,,_Z,,_Z,,N,,1997-03,,274.2244,,A,,0,,2,,2015,
DATAFLOW,OECD.SDD.STES:DSD_STES@DF_INDSERV(4.3),,I,DEU,,M,,NODW,,IX,,F41,,Y,,_Z,,_Z,,N,,1997-04,,260.0905,,A,,0,,2,,2015,
DATAFLOW,OECD.SDD.STES:DSD_STES@DF_INDSERV(4.3),,I,DEU,,M,,NODW,,IX,,F41,,Y,,_Z,,_Z,,N,,2014-08,,99.82122,,A,,0,,2,,2015,
DATAFLOW,OECD.SDD.STES:DSD_STES@DF_INDSERV(4.3),,I,DEU,,M,,NODW,,IX,,F41,,Y,,_Z,,_Z,,N,,2014-09,,90.60889,,A,,0,,2,,2015,
DATAFLOW,OECD.SDD.STES:DSD_STES@DF_INDSERV(4.3),,I,DEU,,M,,NODW,,IX,,F41,,Y,,_Z,,_Z,,N,,2014-10,,96.54012,,A,,0,,2,,2015,
DATAFLOW,OECD.SDD.STES:DSD_STES@DF_INDSERV(4.3),,I,DEU,,M,,NODW,,IX,,F41,,Y,,_Z,,_Z,,N,,2014-11,,91.11368,,A,,0,,2,,2015,
DATAFLOW,OECD.SDD.STES:DSD_STES@DF_INDSERV(4.3),,I,DEU,,M,,NODW,,IX,,F41,,Y,,_Z,,_Z,,N,,2014-12,,88.71595,,A,,0,,2,,2015,
DATAFLOW,OECD.SDD.STES:DSD_STES@DF_INDSERV(4.3),,I,DEU,,M,,NODW,,IX,,F41,,Y,,_Z,,_Z,,N,,1998-10,,234.725,,A,,0,,2,,2015,
DATAFLOW,OECD.SDD.STES:DSD_STES@DF_INDSERV(4.3),,I,DEU,,M,,NODW,,IX,,F41,,Y,,_Z,,_Z,,N,,1998-11,,223.1149,,A,,0,,2,,2015,
DATAFLOW,OECD.SDD.STES:DSD_STES@DF_INDSERV(4.3),,I,DEU,,M,,NODW,,IX,,F41,,Y,,_Z,,_Z,,N,,1998-12,,246.3351,,A,,0,,2,,2015,
DATAFLOW,OECD.SDD.STES:DSD_STES@DF_INDSERV(4.3),,I,DEU,,M,,NODW,,IX,,F41,,Y,,_Z,,_Z,,N,,1999-01,,226.9008,,A,,0,,2,,2015,
DATAFLOW,OECD.SDD.STES:DSD_STES@DF_INDSERV(4.3),,I,DEU,,M,,NODW,,IX,,F41,,Y,,_Z,,_Z,,N,,1999-02,,203.6807,,A,,0,,2,,2015,
DATAFLOW,OECD.SDD.STES:DSD_STES@DF_INDSERV(4.3),,I,DEU,,M,,NODW,,IX,,F41,,Y,,_Z,,_Z,,N,,1999-03,,222.1054,,A,,0,,2,,2015,
DATAFLOW,OECD.SDD.STES:DSD_STES@DF_INDSERV(4.3),,I,DEU,,M,,NODW,,IX,,F41,,Y,,_Z,,_Z,,N,,1997-07,,262.2358,,A,,0,,2,,2015,
DATAFLOW,OECD.SDD.STES:DSD_STES@DF_INDSERV(4.3),,I,DEU,,M,,NODW,,IX,,F41,,Y,,_Z,,_Z,,N,,1997-08,,251.2567,,A,,0,,2,,2015,
DATAFLOW,OECD.SDD.STES:DSD_STES@DF_INDSERV(4.3),,I,DEU,,M,,NODW,,IX,,F41,,Y,,_Z,,_Z,,N,,1997-09,,266.6526,,A,,0,,2,,2015,
DATAFLOW,OECD.SDD.STES:DSD_STES@DF_INDSERV(4.3),,I,DEU,,M,,NODW,,IX,,F41,,Y,,_Z,,_Z,,N,,1997-10,,262.1096,,A,,0,,2,,2015,
DATAFLOW,OECD.SDD.STES:DSD_STES@DF_INDSERV(4.3),,I,DEU,,M,,NODW,,IX,,F41,,Y,,_Z,,_Z,,N,,1997-11,,257.4403,,A,,0,,2,,2015,
DATAFLOW,OECD.SDD.STES:DSD_STES@DF_INDSERV(4.3),,I,DEU,,M,,NODW,,IX,,F41,,Y,,_Z,,_Z,,N,,1997-12,,236.3656,,A,,0,,2,,2015,
DATAFLOW,OECD.SDD.STES:DSD_STES@DF_INDSERV(4.3),,I,DEU,,M,,NODW,,IX,,F41,,Y,,_Z,,_Z,,N,,1998-01,,225.1341,,A,,0,,2,,2015,
DATAFLOW,OECD.SDD.STES:DSD_STES@DF_INDSERV(4.3),,I,DEU,,M,,NODW,,IX,,F41,,Y,,_Z,,_Z,,N,,1998-02,,218.0671,,A,,0,,2,,2015,
DATAFLOW,OECD.SDD.STES:DSD_STES@DF_INDSERV(4.3),,I,DEU,,M,,NODW,,IX,,F41,,Y,,_Z,,_Z,,N,,1998-03,,229.0462,,A,,0,,2,,2015,
DATAFLOW,OECD.SDD.STES:DSD_STES@DF_INDSERV(4.3),,I,DEU,,M,,NODW,,IX,,F41,,Y,,_Z,,_Z,,N,,1998-04,,245.8303,,A,,0,,2,,2015,
DATAFLOW,OECD.SDD.STES:DSD_STES@DF_INDSERV(4.3),,I,DEU,,M,,NODW,,IX,,F41,,Y,,_Z,,_Z,,N,,1998-05,,266.4002,,A,,0,,2,,2015,
DATAFLOW,OECD.SDD.STES:DSD_STES@DF_INDSERV(4.3),,I,DEU,,M,,NODW,,IX,,F41,,Y,,_Z,,_Z,,N,,1998-06,,255.0426,,A,,0,,2,,2015,
DATAFLOW,OECD.SDD.STES:DSD_STES@DF_INDSERV(4.3),,I,DEU,,M,,NODW,,IX,,F41,,Y,,_Z,,_Z,,N,,1998-07,,225.3865,,A,,0,,2,,2015,
DATAFLOW,OECD.SDD.STES:DSD_STES@DF_INDSERV(4.3),,I,DEU,,M,,NODW,,IX,,F41,,Y,,_Z,,_Z,,N,,1998-08,,246.8398,,A,,0,,2,,2015,
DATAFLOW,OECD.SDD.STES:DSD_STES@DF_INDSERV(4.3),,I,DEU,,M,,NODW,,IX,,F41,,Y,,_Z,,_Z,,N,,1998-09,,239.7728,,A,,0,,2,,2015,
DATAFLOW,OECD.SDD.STES:DSD_STES@DF_INDSERV(4.3),,I,DEU,,M,,NODW,,IX,,F41,,Y,,_Z,,_Z,,N,,2017-12,,116.8577,,A,,0,,2,,2015,
DATAFLOW,OECD.SDD.STES:DSD_STES@DF_INDSERV(4.3),,I,DEU,,M,,NODW,,IX,,F41,,Y,,_Z,,_Z,,N,,2018-01,,111.4313,,A,,0,,2,,2015,
DATAFLOW,OECD.SDD.STES:DSD_STES@DF_INDSERV(4.3),,I,DEU,,M,,NODW,,IX,,F41,,Y,,_Z,,_Z,,N,,2018-02,,111.6837,,A,,0,,2,,2015,
DATAFLOW,OECD.SDD.STES:DSD_STES@DF_INDSERV(4.3),,I,DEU,,M,,NODW,,IX,,F41,,Y,,_Z,,_Z,,N,,2018-03,,115.8481,,A,,0,,2,,2015,
DATAFLOW,OECD.SDD.STES:DSD_STES@DF_INDSERV(4.3),,I,DEU,,M,,NODW,,IX,,F41,,Y,,_Z,,_Z,,N,,2018-04,,112.9456,,A,,0,,2,,2015,
DATAFLOW,OECD.SDD.STES:DSD_STES@DF_INDSERV(4.3),,I,DEU,,M,,NODW,,IX,,F41,,Y,,_Z,,_Z,,N,,2018-05,,130.1083,,A,,0,,2,,2015,
DATAFLOW,OECD.SDD.STES:DSD_STES@DF_INDSERV(4.3),,I,DEU,,M,,NODW,,IX,,F41,,Y,,_Z,,_Z,,N,,2018-06,,112.0623,,A,,0,,2,,2015,
DATAFLOW,OECD.SDD.STES:DSD_STES@DF_INDSERV(4.3),,I,DEU,,M,,NODW,,IX,,F41,,Y,,_Z,,_Z,,N,,2018-07,,127.4582,,A,,0,,2,,2015,
DATAFLOW,OECD.SDD.STES:DSD_STES@DF_INDSERV(4.3),,I,DEU,,M,,NODW,,IX,,F41,,Y,,_Z,,_Z,,N,,2018-08,,119.5078,,A,,0,,2,,2015,
DATAFLOW,OECD.SDD.STES:DSD_STES@DF_INDSERV(4.3),,I,DEU,,M,,NODW,,IX,,F41,,Y,,_Z,,_Z,,N,,2018-09,,121.7794,,A,,0,,2,,2015,
DATAFLOW,OECD.SDD.STES:DSD_STES@DF_INDSERV(4.3),,I,DEU,,M,,NODW,,IX,,F41,,Y,,_Z,,_Z,,N,,2006-01,,117.8673,,A,,0,,2,,2015,
DATAFLOW,OECD.SDD.STES:DSD_STES@DF_INDSERV(4.3),,I,DEU,,M,,NODW,,IX,,F41,,Y,,_Z,,_Z,,N,,2006-02,,106.762,,A,,0,,2,,2015,
DATAFLOW,OECD.SDD.STES:DSD_STES@DF_INDSERV(4.3),,I,DEU,,M,,NODW,,IX,,F41,,Y,,_Z,,_Z,,N,,2006-03,,100.4522,,A,,0,,2,,2015,
DATAFLOW,OECD.SDD.STES:DSD_STES@DF_INDSERV(4.3),,I,DEU,,M,,NODW,,IX,,F41,,Y,,_Z,,_Z,,N,,2006-04,,96.41393,,A,,0,,2,,2015,
DATAFLOW,OECD.SDD.STES:DSD_STES@DF_INDSERV(4.3),,I,DEU,,M,,NODW,,IX,,F41,,Y,,_Z,,_Z,,N,,2006-05,,88.46356,,A,,0,,2,,2015,
DATAFLOW,OECD.SDD.STES:DSD_STES@DF_INDSERV(4.3),,I,DEU,,M,,NODW,,IX,,F41,,Y,,_Z,,_Z,,N,,2006-06,,81.64896,,A,,0,,2,,2015,
DATAFLOW,OECD.SDD.STES:DSD_STES@DF_INDSERV(4.3),,I,DEU,,M,,NODW,,IX,,F41,,Y,,_Z,,_Z,,N,,2006-07,,84.93007,,A,,0,,2,,2015,
DATAFLOW,OECD.SDD.STES:DSD_STES@DF_INDSERV(4.3),,I,DEU,,M,,NODW,,IX,,F41,,Y,,_Z,,_Z,,N,,2006-08,,79.50363,,A,,0,,2,,2015,
DATAFLOW,OECD.SDD.STES:DSD_STES@DF_INDSERV(4.3),,I,DEU,,M,,NODW,,IX,,F41,,Y,,_Z,,_Z,,N,,2006-09,,76.34872,,A,,0,,2,,2015,
DATAFLOW,OECD.SDD.STES:DSD_STES@DF_INDSERV(4.3),,I,DEU,,M,,NODW,,IX,,F41,,Y,,_Z,,_Z,,N,,2006-10,,72.43664,,A,,0,,2,,2015,
DATAFLOW,OECD.SDD.STES:DSD_STES@DF_INDSERV(4.3),,I,DEU,,M,,NODW,,IX,,F41,,Y,,_Z,,_Z,,N,,2006-11,,66.50542,,A,,0,,2,,2015,
DATAFLOW,OECD.SDD.STES:DSD_STES@DF_INDSERV(4.3),,I,DEU,,M,,NODW,,IX,,F41,,Y,,_Z,,_Z,,N,,2006-12,,57.79787,,A,,0,,2,,2015,
DATAFLOW,OECD.SDD.STES:DSD_STES@DF_INDSERV(4.3),,I,DEU,,M,,NODW,,IX,,F41,,Y,,_Z,,_Z,,N,,2007-01,,64.10769,,A,,0,,2,,2015,
DATAFLOW,OECD.SDD.STES:DSD_STES@DF_INDSERV(4.3),,I,DEU,,M,,NODW,,IX,,F41,,Y,,_Z,,_Z,,N,,2007-02,,60.70039,,A,,0,,2,,2015,
DATAFLOW,OECD.SDD.STES:DSD_STES@DF_INDSERV(4.3),,I,DEU,,M,,NODW,,IX,,F41,,Y,,_Z,,_Z,,N,,2007-03,,61.07898,,A,,0,,2,,2015,
DATAFLOW,OECD.SDD.STES:DSD_STES@DF_INDSERV(4.3),,I,DEU,,M,,NODW,,IX,,F41,,Y,,_Z,,_Z,,N,,2007-04,,62.97192,,A,,0,,2,,2015,
DATAFLOW,OECD.SDD.STES:DSD_STES@DF_INDSERV(4.3),,I,DEU,,M,,NODW,,IX,,F41,,Y,,_Z,,_Z,,N,,2007-05,,63.09812,,A,,0,,2,,2015,
DATAFLOW,OECD.SDD.STES:DSD_STES@DF_INDSERV(4.3),,I,DEU,,M,,NODW,,IX,,F41,,Y,,_Z,,_Z,,N,,2007-06,,60.3218,,A,,0,,2,,2015,
DATAFLOW,OECD.SDD.STES:DSD_STES@DF_INDSERV(4.3),,I,DEU,,M,,NODW,,IX,,F41,,Y,,_Z,,_Z,,N,,2007-07,,62.08855,,A,,0,,2,,2015,
DATAFLOW,OECD.SDD.STES:DSD_STES@DF_INDSERV(4.3),,I,DEU,,M,,NODW,,IX,,F41,,Y,,_Z,,_Z,,N,,2007-08,,59.69082,,A,,0,,2,,2015,
DATAFLOW,OECD.SDD.STES:DSD_STES@DF_INDSERV(4.3),,I,DEU,,M,,NODW,,IX,,F41,,Y,,_Z,,_Z,,N,,2007-09,,64.61247,,A,,0,,2,,2015,
DATAFLOW,OECD.SDD.STES:DSD_STES@DF_INDSERV(4.3),,I,DEU,,M,,NODW,,IX,,F41,,Y,,_Z,,_Z,,N,,2007-10,,60.57419,,A,,0,,2,,2015,
DATAFLOW,OECD.SDD.STES:DSD_STES@DF_INDSERV(4.3),,I,DEU,,M,,NODW,,IX,,F41,,Y,,_Z,,_Z,,N,,2007-11,,63.47671,,A,,0,,2,,2015,
DATAFLOW,OECD.SDD.STES:DSD_STES@DF_INDSERV(4.3),,I,DEU,,M,,NODW,,IX,,F41,,Y,,_Z,,_Z,,N,,2007-12,,64.86487,,A,,0,,2,,2015,
DATAFLOW,OECD.SDD.STES:DSD_STES@DF_INDSERV(4.3),,I,DEU,,M,,NODW,,IX,,F41,,Y,,_Z,,_Z,,N,,2008-01,,61.07898,,A,,0,,2,,2015,
DATAFLOW,OECD.SDD.STES:DSD_STES@DF_INDSERV(4.3),,I,DEU,,M,,NODW,,IX,,F41,,Y,,_Z,,_Z,,N,,2008-02,,64.99106,,A,,0,,2,,2015,
DATAFLOW,OECD.SDD.STES:DSD_STES@DF_INDSERV(4.3),,I,DEU,,M,,NODW,,IX,,F41,,Y,,_Z,,_Z,,N,,2008-03,,61.07898,,A,,0,,2,,2015,
DATAFLOW,OECD.SDD.STES:DSD_STES@DF_INDSERV(4.3),,I,DEU,,M,,NODW,,IX,,F41,,Y,,_Z,,_Z,,N,,2008-04,,60.57419,,A,,0,,2,,2015,
DATAFLOW,OECD.SDD.STES:DSD_STES@DF_INDSERV(4.3),,I,DEU,,M,,NODW,,IX,,F41,,Y,,_Z,,_Z,,N,,2008-05,,56.40972,,A,,0,,2,,2015,
DATAFLOW,OECD.SDD.STES:DSD_STES@DF_INDSERV(4.3),,I,DEU,,M,,NODW,,IX,,F41,,Y,,_Z,,_Z,,N,,2008-06,,61.07898,,A,,0,,2,,2015,
DATAFLOW,OECD.SDD.STES:DSD_STES@DF_INDSERV(4.3),,I,DEU,,M,,NODW,,IX,,F41,,Y,,_Z,,_Z,,N,,2008-07,,57.67168,,A,,0,,2,,2015,
DATAFLOW,OECD.SDD.STES:DSD_STES@DF_INDSERV(4.3),,I,DEU,,M,,NODW,,IX,,F41,,Y,,_Z,,_Z,,N,,2008-08,,54.51677,,A,,0,,2,,2015,
DATAFLOW,OECD.SDD.STES:DSD_STES@DF_INDSERV(4.3),,I,DEU,,M,,NODW,,IX,,F41,,Y,,_Z,,_Z,,N,,2008-09,,54.89536,,A,,0,,2,,2015,
DATAFLOW,OECD.SDD.STES:DSD_STES@DF_INDSERV(4.3),,I,DEU,,M,,NODW,,IX,,F41,,Y,,_Z,,_Z,,N,,2018-12,,120.896,,A,,0,,2,,2015,
DATAFLOW,OECD.SDD.STES:DSD_STES@DF_INDSERV(4.3),,I,DEU,,M,,NODW,,IX,,F41,,Y,,_Z,,_Z,,N,,2019-01,,116.9839,,A,,0,,2,,2015,
DATAFLOW,OECD.SDD.STES:DSD_STES@DF_INDSERV(4.3),,I,DEU,,M,,NODW,,IX,,F41,,Y,,_Z,,_Z,,N,,2019-02,,101.4618,,A,,0,,2,,2015,
DATAFLOW,OECD.SDD.STES:DSD_STES@DF_INDSERV(4.3),,I,DEU,,M,,NODW,,IX,,F41,,Y,,_Z,,_Z,,N,,2019-03,,110.1693,,A,,0,,2,,2015,
DATAFLOW,OECD.SDD.STES:DSD_STES@DF_INDSERV(4.3),,I,DEU,,M,,NODW,,IX,,F41,,Y,,_Z,,_Z,,N,,2019-04,,120.265,,A,,0,,2,,2015,
DATAFLOW,OECD.SDD.STES:DSD_STES@DF_INDSERV(4.3),,I,DEU,,M,,NODW,,IX,,F41,,Y,,_Z,,_Z,,N,,2019-05,,113.9552,,A,,0,,2,,2015,
DATAFLOW,OECD.SDD.STES:DSD_STES@DF_INDSERV(4.3),,I,DEU,,M,,NODW,,IX,,F41,,Y,,_Z,,_Z,,N,,2019-06,,116.4791,,A,,0,,2,,2015,
DATAFLOW,OECD.SDD.STES:DSD_STES@DF_INDSERV(4.3),,I,DEU,,M,,NODW,,IX,,F41,,Y,,_Z,,_Z,,N,,2019-07,,118.3721,,A,,0,,2,,2015,
DATAFLOW,OECD.SDD.STES:DSD_STES@DF_INDSERV(4.3),,I,DEU,,M,,NODW,,IX,,F41,,Y,,_Z,,_Z,,N,,2019-08,,124.6819,,A,,0,,2,,2015,
DATAFLOW,OECD.SDD.STES:DSD_STES@DF_INDSERV(4.3),,I,DEU,,M,,NODW,,IX,,F41,,Y,,_Z,,_Z,,N,,2019-09,,119.5078,,A,,0,,2,,2015,
DATAFLOW,OECD.SDD.STES:DSD_STES@DF_INDSERV(4.3),,I,DEU,,M,,NODW,,IX,,F41,,Y,,_Z,,_Z,,N,,2019-10,,123.6723,,A,,0,,2,,2015,
DATAFLOW,OECD.SDD.STES:DSD_STES@DF_INDSERV(4.3),,I,DEU,,M,,NODW,,IX,,F41,,Y,,_Z,,_Z,,N,,2008-12,,53.38101,,A,,0,,2,,2015,
DATAFLOW,OECD.SDD.STES:DSD_STES@DF_INDSERV(4.3),,I,DEU,,M,,NODW,,IX,,F41,,Y,,_Z,,_Z,,N,,2009-01,,56.9145,,A,,0,,2,,2015,
DATAFLOW,OECD.SDD.STES:DSD_STES@DF_INDSERV(4.3),,I,DEU,,M,,NODW,,IX,,F41,,Y,,_Z,,_Z,,N,,2009-02,,54.01199,,A,,0,,2,,2015,
