STRUCTURE,STRUCTURE_ID,STRUCTURE_NAME,ACTION,REF_AREA,,FREQ,,MEASURE,,ACTIVITY,,UNIT_MEASURE,,PRICE_BASE,,TRANSFORMATION,,ADJUSTMENT,,CONVERSION_TYPE,,TIME_PERIOD,,OBS_VALUE,,OBS_STATUS,,UNIT_MULT,,BASE_PER,,DECIMALS,
DATAFLOW,OECD.SDD.TPS:DSD_PDB@DF_PDB_ULC_Q(1.0),,I,DEU,,Q,,ULCE,,_T,,IX,,V,,_Z,,S,,NC,,2015-Q3,,100.2365,,A,,0,,2015,,0,
DATAFLOW,OECD.SDD.TPS:DSD_PDB@DF_PDB_ULC_Q(1.0),,I,DEU,,Q,,ULCE,,_T,,IX,,V,,_Z,,S,,NC,,2015-Q4,,100.6976,,A,,0,,2015,,0,
DATAFLOW,OECD.SDD.TPS:DSD_PDB@DF_PDB_ULC_Q(1.0),,I,DEU,,Q,,ULCE,,_T,,IX,,V,,_Z,,S,,NC,,2016-Q4,,102.5036,,A,,0,,2015,,0,
DATAFLOW,OECD.SDD.TPS:DSD_PDB@DF_PDB_ULC_Q(1.0),,I,DEU,,Q,,ULCE,,_T,,IX,,V,,_Z,,S,,NC,,1991-Q1,,70.42759,,A,,0,,2015,,0,
DATAFLOW,OECD.SDD.TPS:DSD_PDB@DF_PDB_ULC_Q(1.0),,I,DEU,,Q,,ULCE,,_T,,IX,,V,,_Z,,S,,NC,,1991-Q2,,74.09043,,A,,0,,2015,,0,
DATAFLOW,OECD.SDD.TPS:DSD_PDB@DF_PDB_ULC_Q(1.0),,I,DEU,,Q,,ULCE,,_T,,IX,,V,,_Z,,S,,NC,,1991-Q3,,74.6127,,A,,0,,2015,,0,
DATAFLOW,OECD.SDD.TPS:DSD_PDB@DF_PDB_ULC_Q(1.0),,I,DEU,,Q,,ULCE,,_T,,IX,,V,,_Z,,S,,NC,,1991-Q4,,74.68196,,A,,0,,2015,,0,
DATAFLOW,OECD.SDD.TPS:DSD_PDB@DF_PDB_ULC_Q(1.0),,I,DEU,,Q,,ULCE,,_T,,IX,,V,,_Z,,S,,NC,,1992-Q1,,75.80252,,A,,0,,2015,,0,
DATAFLOW,OECD.SDD.TPS:DSD_PDB@DF_PDB_ULC_Q(1.0),,I,DEU,,Q,,ULCE,,_T,,IX,,V,,_Z,,S,,NC,,1992-Q2,,77.99217,,A,,0,,2015,,0,
DATAFLOW,OECD.SDD.TPS:DSD_PDB@DF_PDB_ULC_Q(1.0),,I,DEU,,Q,,ULCE,,_T,,IX,,V,,_Z,,S,,NC,,1992-Q3,,80.6405,,A,,0,,2015,,0,
DATAFLOW,OECD.SDD.TPS:DSD_PDB@DF_PDB_ULC_Q(1.0),,I,DEU,,Q,,ULCE,,_T,,IX,,V,,_Z,,S,,NC,,1992-Q4,,80.35531,,A,,0,,2015,,0,
DATAFLOW,OECD.SDD.TPS:DSD_PDB@DF_PDB_ULC_Q(1.0),,I,DEU,,Q,,ULCE,,_T,,IX,,V,,_Z,,S,,NC,,1993-Q1,,80.5369,,A,,0,,2015,,0,
DATAFLOW,OECD.SDD.TPS:DSD_PDB@DF_PDB_ULC_Q(1.0),,I,DEU,,Q,,ULCE,,_T,,IX,,V,,_Z,,S,,NC,,1993-Q2,,81.90189,,A,,0,,2015,,0,
DATAFLOW,OECD.SDD.TPS:DSD_PDB@DF_PDB_ULC_Q(1.0),,I,DEU,,Q,,ULCE,,_T,,IX,,V,,_Z,,S,,NC,,1993-Q3,,81.88512,,A,,0,,2015,,0,
DATAFLOW,OECD.SDD.TPS:DSD_PDB@DF_PDB_ULC_Q(1.0),,I,DEU,,Q,,ULCE,,_T,,IX,,V,,_Z,,S,,NC,,1993-Q4,,82.54173,,A,,0,,2015,,0,
DATAFLOW,OECD.SDD.TPS:DSD_PDB@DF_PDB_ULC_Q(1.0),,I,DEU,,Q,,ULCE,,_T,,IX,,V,,_Z,,S,,NC,,1994-Q1,,82.23231,,A,,0,,2015,,0,
DATAFLOW,OECD.SDD.TPS:DSD_PDB@DF_PDB_ULC_Q(1.0),,I,DEU,,Q,,ULCE,,_T,,IX,,V,,_Z,,S,,NC,,1994-Q2,,81.64463,,A,,0,,2015,,0,
DATAFLOW,OECD.SDD.TPS:DSD_PDB@DF_PDB_ULC_Q(1.0),,I,DEU,,Q,,ULCE,,_T,,IX,,V,,_Z,,S,,NC,,1994-Q3,,81.88242,,A,,0,,2015,,0,
DATAFLOW,OECD.SDD.TPS:DSD_PDB@DF_PDB_ULC_Q(1.0),,I,DEU,,Q,,ULCE,,_T,,IX,,V,,_Z,,S,,NC,,1994-Q4,,82.10899,,A,,0,,2015,,0,
DATAFLOW,OECD.SDD.TPS:DSD_PDB@DF_PDB_ULC_Q(1.0),,I,DEU,,Q,,ULCE,,_T,,IX,,V,,_Z,,S,,NC,,1995-Q1,,83.2075,,A,,0,,2015,,0,
DATAFLOW,OECD.SDD.TPS:DSD_PDB@DF_PDB_ULC_Q(1.0),,I,DEU,,Q,,ULCE,,_T,,IX,,V,,_Z,,S,,NC,,1995-Q2,,83.56638,,A,,0,,2015,,0,
DATAFLOW,OECD.SDD.TPS:DSD_PDB@DF_PDB_ULC_Q(1.0),,I,DEU,,Q,,ULCE,,_T,,IX,,V,,_Z,,S,,NC,,1995-Q3,,84.06253,,A,,0,,2015,,0,
DATAFLOW,OECD.SDD.TPS:DSD_PDB@DF_PDB_ULC_Q(1.0),,I,DEU,,Q,,ULCE,,_T,,IX,,V,,_Z,,S,,NC,,1995-Q4,,84.66493,,A,,0,,2015,,0,
DATAFLOW,OECD.SDD.TPS:DSD_PDB@DF_PDB_ULC_Q(1.0),,I,DEU,,Q,,ULCE,,_T,,IX,,V,,_Z,,S,,NC,,1996-Q1,,84.83025,,A,,0,,2015,,0,
DATAFLOW,OECD.SDD.TPS:DSD_PDB@DF_PDB_ULC_Q(1.0),,I,DEU,,Q,,ULCE,,_T,,IX,,V,,_Z,,S,,NC,,1996-Q2,,83.56359,,A,,0,,2015,,0,
DATAFLOW,OECD.SDD.TPS:DSD_PDB@DF_PDB_ULC_Q(1.0),,I,DEU,,Q,,ULCE,,_T,,IX,,V,,_Z,,S,,NC,,1996-Q3,,83.89185,,A,,0,,2015,,0,
DATAFLOW,OECD.SDD.TPS:DSD_PDB@DF_PDB_ULC_Q(1.0),,I,DEU,,Q,,ULCE,,_T,,IX,,V,,_Z,,S,,NC,,1996-Q4,,83.34486,,A,,0,,2015,,0,
DATAFLOW,OECD.SDD.TPS:DSD_PDB@DF_PDB_ULC_Q(1.0),,I,DEU,,Q,,ULCE,,_T,,IX,,V,,_Z,,S,,NC,,1997-Q1,,83.67886,,A,,0,,2015,,0,
DATAFLOW,OECD.SDD.TPS:DSD_PDB@DF_PDB_ULC_Q(1.0),,I,DEU,,Q,,ULCE,,_T,,IX,,V,,_Z,,S,,NC,,1997-Q2,,82.69035,,A,,0,,2015,,0,
DATAFLOW,OECD.SDD.TPS:DSD_PDB@DF_PDB_ULC_Q(1.0),,I,DEU,,Q,,ULCE,,_T,,IX,,V,,_Z,,S,,NC,,1997-Q3,,82.47114,,A,,0,,2015,,0,
DATAFLOW,OECD.SDD.TPS:DSD_PDB@DF_PDB_ULC_Q(1.0),,I,DEU,,Q,,ULCE,,_T,,IX,,V,,_Z,,S,,NC,,1997-Q4,,82.47484,,A,,0,,2015,,0,
DATAFLOW,OECD.SDD.TPS:DSD_PDB@DF_PDB_ULC_Q(1.0),,I,DEU,,Q,,ULCE,,_T,,IX,,V,,_Z,,S,,NC,,1998-Q1,,81.91343,,A,,0,,2015,,0,
DATAFLOW,OECD.SDD.TPS:DSD_PDB@DF_PDB_ULC_Q(1.0),,I,DEU,,Q,,ULCE,,_T,,IX,,V,,_Z,,S,,NC,,1998-Q2,,83.07137,,A,,0,,2015,,0,
DATAFLOW,OECD.SDD.TPS:DSD_PDB@DF_PDB_ULC_Q(1.0),,I,DEU,,Q,,ULCE,,_T,,IX,,V,,_Z,,S,,NC,,1998-Q3,,83.22994,,A,,0,,2015,,0,
DATAFLOW,OECD.SDD.TPS:DSD_PDB@DF_PDB_ULC_Q(1.0),,I,DEU,,Q,,ULCE,,_T,,IX,,V,,_Z,,S,,NC,,1998-Q4,,83.94434,,A,,0,,2015,,0,
DATAFLOW,OECD.SDD.TPS:DSD_PDB@DF_PDB_ULC_Q(1.0),,I,DEU,,Q,,ULCE,,_T,,IX,,V,,_Z,,S,,NC,,1999-Q1,,82.95492,,A,,0,,2015,,0,
DATAFLOW,OECD.SDD.TPS:DSD_PDB@DF_PDB_ULC_Q(1.0),,I,DEU,,Q,,ULCE,,_T,,IX,,V,,_Z,,S,,NC,,1999-Q2,,84.26114,,A,,0,,2015,,0,
DATAFLOW,OECD.SDD.TPS:DSD_PDB@DF_PDB_ULC_Q(1.0),,I,DEU,,Q,,ULCE,,_T,,IX,,V,,_Z,,S,,NC,,1999-Q3,,83.55273,,A,,0,,2015,,0,
DATAFLOW,OECD.SDD.TPS:DSD_PDB@DF_PDB_ULC_Q(1.0),,I,DEU,,Q,,ULCE,,_T,,IX,,V,,_Z,,S,,NC,,1999-Q4,,83.77335,,A,,0,,2015,,0,
DATAFLOW,OECD.SDD.TPS:DSD_PDB@DF_PDB_ULC_Q(1.0),,I,DEU,,Q,,ULCE,,_T,,IX,,V,,_Z,,S,,NC,,2000-Q1,,83.71996,,A,,0,,2015,,0,
DATAFLOW,OECD.SDD.TPS:DSD_PDB@DF_PDB_ULC_Q(1.0),,I,DEU,,Q,,ULCE,,_T,,IX,,V,,_Z,,S,,NC,,2000-Q2,,83.67455,,A,,0,,2015,,0,
DATAFLOW,OECD.SDD.TPS:DSD_PDB@DF_PDB_ULC_Q(1.0),,I,DEU,,Q,,ULCE,,_T,,IX,,V,,_Z,,S,,NC,,2000-Q3,,84.33804,,A,,0,,2015,,0,
DATAFLOW,OECD.SDD.TPS:DSD_PDB@DF_PDB_ULC_Q(1.0),,I,DEU,,Q,,ULCE,,_T,,IX,,V,,_Z,,S,,NC,,2000-Q4,,85.1377,,A,,0,,2015,,0,
DATAFLOW,OECD.SDD.TPS:DSD_PDB@DF_PDB_ULC_Q(1.0),,I,DEU,,Q,,ULCE,,_T,,IX,,V,,_Z,,S,,NC,,2001-Q1,,83.54372,,A,,0,,2015,,0,
DATAFLOW,OECD.SDD.TPS:DSD_PDB@DF_PDB_ULC_Q(1.0),,I,DEU,,Q,,ULCE,,_T,,IX,,V,,_Z,,S,,NC,,2001-Q2,,83.90385,,A,,0,,2015,,0,
DATAFLOW,OECD.SDD.TPS:DSD_PDB@DF_PDB_ULC_Q(1.0),,I,DEU,,Q,,ULCE,,_T,,IX,,V,,_Z,,S,,NC,,2001-Q3,,83.97144,,A,,0,,2015,,0,
DATAFLOW,OECD.SDD.TPS:DSD_PDB@DF_PDB_ULC_Q(1.0),,I,DEU,,Q,,ULCE,,_T,,IX,,V,,_Z,,S,,NC,,2001-Q4,,85.01659,,A,,0,,2015,,0,
DATAFLOW,OECD.SDD.TPS:DSD_PDB@DF_PDB_ULC_Q(1.0),,I,DEU,,Q,,ULCE,,_T,,IX,,V,,_Z,,S,,NC,,2002-Q1,,85.08172,,A,,0,,2015,,0,
DATAFLOW,OECD.SDD.TPS:DSD_PDB@DF_PDB_ULC_Q(1.0),,I,DEU,,Q,,ULCE,,_T,,IX,,V,,_Z,,S,,NC,,2002-Q2,,84.80443,,A,,0,,2015,,0,
DATAFLOW,OECD.SDD.TPS:DSD_PDB@DF_PDB_ULC_Q(1.0),,I,DEU,,Q,,ULCE,,_T,,IX,,V,,_Z,,S,,NC,,2002-Q3,,84.81377,,A,,0,,2015,,0,
DATAFLOW,OECD.SDD.TPS:DSD_PDB@DF_PDB_ULC_Q(1.0),,I,DEU,,Q,,ULCE,,_T,,IX,,V,,_Z,,S,,NC,,2002-Q4,,85.25959,,A,,0,,2015,,0,
DATAFLOW,OECD.SDD.TPS:DSD_PDB@DF_PDB_ULC_Q(1.0),,I,DEU,,Q,,ULCE,,_T,,IX,,V,,_Z,,S,,NC,,2003-Q1,,86.29314,,A,,0,,2015,,0,
DATAFLOW,OECD.SDD.TPS:DSD_PDB@DF_PDB_ULC_Q(1.0),,I,DEU,,Q,,ULCE,,_T,,IX,,V,,_Z,,S,,NC,,2003-Q2,,86.16876,,A,,0,,2015,,0,
DATAFLOW,OECD.SDD.TPS:DSD_PDB@DF_PDB_ULC_Q(1.0),,I,DEU,,Q,,ULCE,,_T,,IX,,V,,_Z,,S,,NC,,2003-Q3,,86.1568,,A,,0,,2015,,0,
DATAFLOW,OECD.SDD.TPS:DSD_PDB@DF_PDB_ULC_Q(1.0),,I,DEU,,Q,,ULCE,,_T,,IX,,V,,_Z,,S,,NC,,2003-Q4,,86.01048,,A,,0,,2015,,0,
DATAFLOW,OECD.SDD.TPS:DSD_PDB@DF_PDB_ULC_Q(1.0),,I,DEU,,Q,,ULCE,,_T,,IX,,V,,_Z,,S,,NC,,2004-Q1,,86.42248,,A,,0,,2015,,0,
DATAFLOW,OECD.SDD.TPS:DSD_PDB@DF_PDB_ULC_Q(1.0),,I,DEU,,Q,,ULCE,,_T,,IX,,V,,_Z,,S,,NC,,2004-Q2,,85.88552,,A,,0,,2015,,0,
DATAFLOW,OECD.SDD.TPS:DSD_PDB@DF_PDB_ULC_Q(1.0),,I,DEU,,Q,,ULCE,,_T,,IX,,V,,_Z,,S,,NC,,2004-Q3,,86.22211,,A,,0,,2015,,0,
DATAFLOW,OECD.SDD.TPS:DSD_PDB@DF_PDB_ULC_Q(1.0),,I,DEU,,Q,,ULCE,,_T,,IX,,V,,_Z,,S,,NC,,2004-Q4,,86.27213,,A,,0,,2015,,0,
DATAFLOW,OECD.SDD.TPS:DSD_PDB@DF_PDB_ULC_Q(1.0),,I,DEU,,Q,,ULCE,,_T,,IX,,V,,_Z,,S,,NC,,2005-Q1,,86.18999,,A,,0,,2015,,0,
DATAFLOW,OECD.SDD.TPS:DSD_PDB@DF_PDB_ULC_Q(1.0),,I,DEU,,Q,,ULCE,,_T,,IX,,V,,_Z,,S,,NC,,2005-Q2,,85.57932,,A,,0,,2015,,0,
DATAFLOW,OECD.SDD.TPS:DSD_PDB@DF_PDB_ULC_Q(1.0),,I,DEU,,Q,,ULCE,,_T,,IX,,V,,_Z,,S,,NC,,2005-Q3,,84.96553,,A,,0,,2015,,0,
DATAFLOW,OECD.SDD.TPS:DSD_PDB@DF_PDB_ULC_Q(1.0),,I,DEU,,Q,,ULCE,,_T,,IX,,V,,_Z,,S,,NC,,2005-Q4,,84.95986,,A,,0,,2015,,0,
DATAFLOW,OECD.SDD.TPS:DSD_PDB@DF_PDB_ULC_Q(1.0),,I,DEU,,Q,,ULCE,,_T,,IX,,V,,_Z,,S,,NC,,2006-Q1,,84.49284,,A,,0,,2015,,0,
DATAFLOW,OECD.SDD.TPS:DSD_PDB@DF_PDB_ULC_Q(1.0),,I,DEU,,Q,,ULCE,,_T,,IX,,V,,_Z,,S,,NC,,2006-Q2,,83.6022,,A,,0,,2015,,0,
DATAFLOW,OECD.SDD.TPS:DSD_PDB@DF_PDB_ULC_Q(1.0),,I,DEU,,Q,,ULCE,,_T,,IX,,V,,_Z,,S,,NC,,2006-Q3,,83.88773,,A,,0,,2015,,0,
DATAFLOW,OECD.SDD.TPS:DSD_PDB@DF_PDB_ULC_Q(1.0),,I,DEU,,Q,,ULCE,,_T,,IX,,V,,_Z,,S,,NC,,2006-Q4,,82.85152,,A,,0,,2015,,0,
DATAFLOW,OECD.SDD.TPS:DSD_PDB@DF_PDB_ULC_Q(1.0),,I,DEU,,Q,,ULCE,,_T,,IX,,V,,_Z,,S,,NC,,2007-Q1,,83.36262,,A,,0,,2015,,0,
DATAFLOW,OECD.SDD.TPS:DSD_PDB@DF_PDB_ULC_Q(1.0),,I,DEU,,Q,,ULCE,,_T,,IX,,V,,_Z,,S,,NC,,2007-Q2,,83.38149,,A,,0,,2015,,0,
DATAFLOW,OECD.SDD.TPS:DSD_PDB@DF_PDB_ULC_Q(1.0),,I,DEU,,Q,,ULCE,,_T,,IX,,V,,_Z,,S,,NC,,2007-Q3,,83.51774,,A,,0,,2015,,0,
DATAFLOW,OECD.SDD.TPS:DSD_PDB@DF_PDB_ULC_Q(1.0),,I,DEU,,Q,,ULCE,,_T,,IX,,V,,_Z,,S,,NC,,2007-Q4,,83.60083,,A,,0,,2015,,0,
DATAFLOW,OECD.SDD.TPS:DSD_PDB@DF_PDB_ULC_Q(1.0),,I,DEU,,Q,,ULCE,,_T,,IX,,V,,_Z,,S,,NC,,2008-Q1,,84.21527,,A,,0,,2015,,0,
DATAFLOW,OECD.SDD.TPS:DSD_PDB@DF_PDB_ULC_Q(1.0),,I,DEU,,Q,,ULCE,,_T,,IX,,V,,_Z,,S,,NC,,2008-Q2,,85.28778,,A,,0,,2015,,0,
DATAFLOW,OECD.SDD.TPS:DSD_PDB@DF_PDB_ULC_Q(1.0),,I,DEU,,Q,,ULCE,,_T,,IX,,V,,_Z,,S,,NC,,2008-Q3,,86.31079,,A,,0,,2015,,0,
DATAFLOW,OECD.SDD.TPS:DSD_PDB@DF_PDB_ULC_Q(1.0),,I,DEU,,Q,,ULCE,,_T,,IX,,V,,_Z,,S,,NC,,2008-Q4,,88.46112,,A,,0,,2015,,0,
DATAFLOW,OECD.SDD.TPS:DSD_PDB@DF_PDB_ULC_Q(1.0),,I,DEU,,Q,,ULCE,,_T,,IX,,V,,_Z,,S,,NC,,2009-Q1,,91.9954,,A,,0,,2015,,0,
DATAFLOW,OECD.SDD.TPS:DSD_PDB@DF_PDB_ULC_Q(1.0),,I,DEU,,Q,,ULCE,,_T,,IX,,V,,_Z,,S,,NC,,2009-Q2,,91.52339,,A,,0,,2015,,0,
DATAFLOW,OECD.SDD.TPS:DSD_PDB@DF_PDB_ULC_Q(1.0),,I,DEU,,Q,,ULCE,,_T,,IX,,V,,_Z,,S,,NC,,2009-Q3,,91.56548,,A,,0,,2015,,0,
DATAFLOW,OECD.SDD.TPS:DSD_PDB@DF_PDB_ULC_Q(1.0),,I,DEU,,Q,,ULCE,,_T,,IX,,V,,_Z,,S,,NC,,2009-Q4,,91.27148,,A,,0,,2015,,0,
DATAFLOW,OECD.SDD.TPS:DSD_PDB@DF_PDB_ULC_Q(1.0),,I,DEU,,Q,,ULCE,,_T,,IX,,V,,_Z,,S,,NC,,2010-Q1,,91.55089,,A,,0,,2015,,0,
DATAFLOW,OECD.SDD.TPS:DSD_PDB@DF_PDB_ULC_Q(1.0),,I,DEU,,Q,,ULCE,,_T,,IX,,V,,_Z,,S,,NC,,2010-Q2,,90.31392,,A,,0,,2015,,0,
DATAFLOW,OECD.SDD.TPS:DSD_PDB@DF_PDB_ULC_Q(1.0),,I,DEU,,Q,,ULCE,,_T,,IX,,V,,_Z,,S,,NC,,2010-Q3,,90.35983,,A,,0,,2015,,0,
DATAFLOW,OECD.SDD.TPS:DSD_PDB@DF_PDB_ULC_Q(1.0),,I,DEU,,Q,,ULCE,,_T,,IX,,V,,_Z,,S,,NC,,2010-Q4,,90.62444,,A,,0,,2015,,0,
DATAFLOW,OECD.SDD.TPS:DSD_PDB@DF_PDB_ULC_Q(1.0),,I,DEU,,Q,,ULCE,,_T,,IX,,V,,_Z,,S,,NC,,2011-Q1,,90.24291,,A,,0,,2015,,0,
DATAFLOW,OECD.SDD.TPS:DSD_PDB@DF_PDB_ULC_Q(1.0),,I,DEU,,Q,,ULCE,,_T,,IX,,V,,_Z,,S,,NC,,2011-Q2,,91.00436,,A,,0,,2015,,0,
DATAFLOW,OECD.SDD.TPS:DSD_PDB@DF_PDB_ULC_Q(1.0),,I,DEU,,Q,,ULCE,,_T,,IX,,V,,_Z,,S,,NC,,2011-Q3,,91.03751,,A,,0,,2015,,0,
DATAFLOW,OECD.SDD.TPS:DSD_PDB@DF_PDB_ULC_Q(1.0),,I,DEU,,Q,,ULCE,,_T,,IX,,V,,_Z,,S,,NC,,2011-Q4,,91.73053,,A,,0,,2015,,0,
DATAFLOW,OECD.SDD.TPS:DSD_PDB@DF_PDB_ULC_Q(1.0),,I,DEU,,Q,,ULCE,,_T,,IX,,V,,_Z,,S,,NC,,2012-Q1,,92.68861,,A,,0,,2015,,0,
DATAFLOW,OECD.SDD.TPS:DSD_PDB@DF_PDB_ULC_Q(1.0),,I,DEU,,Q,,ULCE,,_T,,IX,,V,,_Z,,S,,NC,,2012-Q2,,93.79144,,A,,0,,2015,,0,
DATAFLOW,OECD.SDD.TPS:DSD_PDB@DF_PDB_ULC_Q(1.0),,I,DEU,,Q,,ULCE,,_T,,IX,,V,,_Z,,S,,NC,,2012-Q3,,94.11114,,A,,0,,2015,,0,
DATAFLOW,OECD.SDD.TPS:DSD_PDB@DF_PDB_ULC_Q(1.0),,I,DEU,,Q,,ULCE,,_T,,IX,,V,,_Z,,S,,NC,,2012-Q4,,95.0653,,A,,0,,2015,,0,
DATAFLOW,OECD.SDD.TPS:DSD_PDB@DF_PDB_ULC_Q(1.0),,I,DEU,,Q,,ULCE,,_T,,IX,,V,,_Z,,S,,NC,,2013-Q1,,95.92044,,A,,0,,2015,,0,
DATAFLOW,OECD.SDD.TPS:DSD_PDB@DF_PDB_ULC_Q(1.0),,I,DEU,,Q,,ULCE,,_T,,IX,,V,,_Z,,S,,NC,,2013-Q2,,95.68069,,A,,0,,2015,,0,
DATAFLOW,OECD.SDD.TPS:DSD_PDB@DF_PDB_ULC_Q(1.0),,I,DEU,,Q,,ULCE,,_T,,IX,,V,,_Z,,S,,NC,,2013-Q3,,96.05859,,A,,0,,2015,,0,
DATAFLOW,OECD.SDD.TPS:DSD_PDB@DF_PDB_ULC_Q(1.0),,I,DEU,,Q,,ULCE,,_T,,IX,,V,,_Z,,S,,NC,,2013-Q4,,96.61828,,A,,0,,2015,,0,
DATAFLOW,OECD.SDD.TPS:DSD_PDB@DF_PDB_ULC_Q(1.0),,I,DEU,,Q,,ULCE,,_T,,IX,,V,,_Z,,S,,NC,,2014-Q1,,97.00385,,A,,0,,2015,,0,
DATAFLOW,OECD.SDD.TPS:DSD_PDB@DF_PDB_ULC_Q(1.0),,I,DEU,,Q,,ULCE,,_T,,IX,,V,,_Z,,S,,NC,,2014-Q2,,97.74071,,A,,0,,2015,,0,
DATAFLOW,OECD.SDD.TPS:DSD_PDB@DF_PDB_ULC_Q(1.0),,I,DEU,,Q,,ULCE,,_T,,IX,,V,,_Z,,S,,NC,,2014-Q3,,98.00983,,A,,0,,2015,,0,
DATAFLOW,OECD.SDD.TPS:DSD_PDB@DF_PDB_ULC_Q(1.0),,I,DEU,,Q,,ULCE,,_T,,IX,,V,,_Z,,S,,NC,,2014-Q4,,98.03918,,A,,0,,2015,,0,
DATAFLOW,OECD.SDD.TPS:DSD_PDB@DF_PDB_ULC_Q(1.0),,I,DEU,,Q,,ULCE,,_T,,IX,,V,,_Z,,S,,NC,,2015-Q1,,99.07834,,A,,0,,2015,,0,
DATAFLOW,OECD.SDD.TPS:DSD_PDB@DF_PDB_ULC_Q(1.0),,I,DEU,,Q,,ULCE,,_T,,IX,,V,,_Z,,S,,NC,,2015-Q2,,99.98759,,A,,0,,2015,,0,
DATAFLOW,OECD.SDD.TPS:DSD_PDB@DF_PDB_ULC_Q(1.0),,I,DEU,,Q,,ULCE,,_T,,IX,,V,,_Z,,S,,NC,,2016-Q1,,100.6262,,A,,0,,2015,,0,
DATAFLOW,OECD.SDD.TPS:DSD_PDB@DF_PDB_ULC_Q(1.0),,I,DEU,,Q,,ULCE,,_T,,IX,,V,,_Z,,S,,NC,,2016-Q2,,101.1476,,A,,0,,2015,,0,
DATAFLOW,OECD.SDD.TPS:DSD_PDB@DF_PDB_ULC_Q(1.0),,I,DEU,,Q,,ULCE,,_T,,IX,,V,,_Z,,S,,NC,,2016-Q3,,101.801,,A,,0,,2015,,0,
DATAFLOW,OECD.SDD.TPS:DSD_PDB@DF_PDB_ULC_Q(1.0),,I,DEU,,Q,,ULCE,,_T,,IX,,V,,_Z,,S,,NC,,2017-Q1,,102.2217,,A,,0,,2015,,0,
DATAFLOW,OECD.SDD.TPS:DSD_PDB@DF_PDB_ULC_Q(1.0),,I,DEU,,Q,,ULCE,,_T,,IX,,V,,_Z,,S,,NC,,2017-Q2,,102.6181,,A,,0,,2015,,0,
DATAFLOW,OECD.SDD.TPS:DSD_PDB@DF_PDB_ULC_Q(1.0),,I,DEU,,Q,,ULCE,,_T,,IX,,V,,_Z,,S,,NC,,2017-Q3,,102.6495,,A,,0,,2015,,0,
DATAFLOW,OECD.SDD.TPS:DSD_PDB@DF_PDB_ULC_Q(1.0),,I,DEU,,Q,,ULCE,,_T,,IX,,V,,_Z,,S,,NC,,2017-Q4,,102.8861,,A,,0,,2015,,0,
DATAFLOW,OECD.SDD.TPS:DSD_PDB@DF_PDB_ULC_Q(1.0),,I,DEU,,Q,,ULCE,,_T,,IX,,V,,_Z,,S,,NC,,2018-Q1,,104.6489,,A,,0,,2015,,0,
DATAFLOW,OECD.SDD.TPS:DSD_PDB@DF_PDB_ULC_Q(1.0),,I,DEU,,Q,,ULCE,,_T,,IX,,V,,_Z,,S,,NC,,2018-Q2,,105.1005,,A,,0,,2015,,0,
DATAFLOW,OECD.SDD.TPS:DSD_PDB@DF_PDB_ULC_Q(1.0),,I,DEU,,Q,,ULCE,,_T,,IX,,V,,_Z,,S,,NC,,2018-Q3,,107.0041,,A,,0,,2015,,0,
DATAFLOW,OECD.SDD.TPS:DSD_PDB@DF_PDB_ULC_Q(1.0),,I,DEU,,Q,,ULCE,,_T,,IX,,V,,_Z,,S,,NC,,2018-Q4,,107.3053,,A,,0,,2015,,0,
DATAFLOW,OECD.SDD.TPS:DSD_PDB@DF_PDB_ULC_Q(1.0),,I,DEU,,Q,,ULCE,,_T,,IX,,V,,_Z,,S,,NC,,2019-Q1,,107.9292,,A,,0,,2015,,0,
DATAFLOW,OECD.SDD.TPS:DSD_PDB@DF_PDB_ULC_Q(1.0),,I,DEU,,Q,,ULCE,,_T,,IX,,V,,_Z,,S,,NC,,2019-Q2,,109.3738,,A,,0,,2015,,0,
DATAFLOW,OECD.SDD.TPS:DSD_PDB@DF_PDB_ULC_Q(1.0),,I,DEU,,Q,,ULCE,,_T,,IX,,V,,_Z,,S,,NC,,2019-Q3,,110.0915,,A,,0,,2015,,0,
DATAFLOW,OECD.SDD.TPS:DSD_PDB@DF_PDB_ULC_Q(1.0),,I,DEU,,Q,,ULCE,,_T,,IX,,V,,_Z,,S,,NC,,2019-Q4,,110.2975,,A,,0,,2015,,0,
DATAFLOW,OECD.SDD.TPS:DSD_PDB@DF_PDB_ULC_Q(1.0),,I,DEU,,Q,,ULCE,,_T,,IX,,V,,_Z,,S,,NC,,2020-Q1,,112.8266,,A,,0,,2015,,0,
DATAFLOW,OECD.SDD.TPS:DSD_PDB@DF_PDB_ULC_Q(1.0),,I,DEU,,Q,,ULCE,,_T,,IX,,V,,_Z,,S,,NC,,2020-Q2,,118.4898,,A,,0,,2015,,0,
DATAFLOW,OECD.SDD.TPS:DSD_PDB@DF_PDB_ULC_Q(1.0),,I,DEU,,Q,,ULCE,,_T,,IX,,V,,_Z,,S,,NC,,2020-Q3,,112.5563,,A,,0,,2015,,0,
DATAFLOW,OECD.SDD.TPS:DSD_PDB@DF_PDB_ULC_Q(1.0),,I,DEU,,Q,,ULCE,,_T,,IX,,V,,_Z,,S,,NC,,2020-Q4,,112.6942,,A,,0,,2015,,0,
DATAFLOW,OECD.SDD.TPS:DSD_PDB@DF_PDB_ULC_Q(1.0),,I,DEU,,Q,,ULCE,,_T,,IX,,V,,_Z,,S,,NC,,2021-Q1,,112.4682,,A,,0,,2015,,0,
DATAFLOW,OECD.SDD.TPS:DSD_PDB@DF_PDB_ULC_Q(1.0),,I,DEU,,Q,,ULCE,,_T,,IX,,V,,_Z,,S,,NC,,2021-Q2,,111.6979,,A,,0,,2015,,0,
DATAFLOW,OECD.SDD.TPS:DSD_PDB@DF_PDB_ULC_Q(1.0),,I,DEU,,Q,,ULCE,,_T,,IX,,V,,_Z,,S,,NC,,2021-Q3,,114.5755,,A,,0,,2015,,0,
DATAFLOW,OECD.SDD.TPS:DSD_PDB@DF_PDB_ULC_Q(1.0),,I,DEU,,Q,,ULCE,,_T,,IX,,V,,_Z,,S,,NC,,2021-Q4,,115.2158,,A,,0,,2015,,0,
DATAFLOW,OECD.SDD.TPS:DSD_PDB@DF_PDB_ULC_Q(1.0),,I,DEU,,Q,,ULCE,,_T,,IX,,V,,_Z,,S,,NC,,2022-Q1,,115.8379,,A,,0,,2015,,0,
DATAFLOW,OECD.SDD.TPS:DSD_PDB@DF_PDB_ULC_Q(1.0),,I,DEU,,Q,,ULCE,,_T,,IX,,V,,_Z,,S,,NC,,2022-Q2,,116.4747,,A,,0,,2015,,0,
DATAFLOW,OECD.SDD.TPS:DSD_PDB@DF_PDB_ULC_Q(1.0),,I,DEU,,Q,,ULCE,,_T,,IX,,V,,_Z,,S,,NC,,2022-Q3,,117.7252,,A,,0,,2015,,0,
DATAFLOW,OECD.SDD.TPS:DSD_PDB@DF_PDB_ULC_Q(1.0),,I,DEU,,Q,,ULCE,,_T,,IX,,V,,_Z,,S,,NC,,2022-Q4,,120.8932,,A,,0,,2015,,0,
DATAFLOW,OECD.SDD.TPS:DSD_PDB@DF_PDB_ULC_Q(1.0),,I,DEU,,Q,,ULCE,,_T,,IX,,V,,_Z,,S,,NC,,2023-Q1,,123.9205,,A,,0,,2015,,0,
DATAFLOW,OECD.SDD.TPS:DSD_PDB@DF_PDB_ULC_Q(1.0),,I,DEU,,Q,,ULCE,,_T,,IX,,V,,_Z,,S,,NC,,2023-Q2,,125.6382,,A,,0,,2015,,0,
DATAFLOW,OECD.SDD.TPS:DSD_PDB@DF_PDB_ULC_Q(1.0),,I,DEU,,Q,,ULCE,,_T,,IX,,V,,_Z,,S,,NC,,2023-Q3,,127.2533,,A,,0,,2015,,0,
DATAFLOW,OECD.SDD.TPS:DSD_PDB@DF_PDB_ULC_Q(1.0),,I,DEU,,Q,,ULCE,,_T,,IX,,V,,_Z,,S,,NC,,2023-Q4,,130.054,,A,,0,,2015,,0,
DATAFLOW,OECD.SDD.TPS:DSD_PDB@DF_PDB_ULC_Q(1.0),,I,DEU,,Q,,ULCE,,_T,,IX,,V,,_Z,,S,,NC,,2024-Q1,,131.6177,,A,,0,,2015,,0,
DATAFLOW,OECD.SDD.TPS:DSD_PDB@DF_PDB_ULC_Q(1.0),,I,DEU,,Q,,ULCE,,_T,,IX,,V,,_Z,,S,,NC,,2024-Q2,,133.2773,,A,,0,,2015,,0,
DATAFLOW,OECD.SDD.TPS:DSD_PDB@DF_PDB_ULC_Q(1.0),,I,DEU,,Q,,ULCE,,_T,,IX,,V,,_Z,,S,,NC,,2024-Q3,,134.8561,,A,,0,,2015,,0,
DATAFLOW,OECD.SDD.TPS:DSD_PDB@DF_PDB_ULC_Q(1.0),,I,DEU,,Q,,ULCE,,_T,,IX,,V,,_Z,,S,,NC,,2024-Q4,,136.2811,,A,,0,,2015,,0,
DATAFLOW,OECD.SDD.TPS:DSD_PDB@DF_PDB_ULC_Q(1.0),,I,DEU,,Q,,ULCE,,_T,,IX,,V,,_Z,,S,,NC,,2025-Q1,,137.4184,,A,,0,,2015,,0,
DATAFLOW,OECD.SDD.TPS:DSD_PDB@DF_PDB_ULC_Q(1.0),,I,DEU,,Q,,ULCE,,_T,,IX,,V,,_Z,,S,,NC,,2025-Q2,,139.5069,,A,,0,,2015,,0,
DATAFLOW,OECD.SDD.TPS:DSD_PDB@DF_PDB_ULC_Q(1.0),,I,DEU,,Q,,ULCE,,_T,,IX,,V,,_Z,,S,,NC,,2025-Q3,,141.4485,,A,,0,,2015,,0,
DATAFLOW,OECD.SDD.TPS:DSD_PDB@DF_PDB_ULC_Q(1.0),,I,DEU,,Q,,ULCE,,_T,,IX,,V,,_Z,,S,,NC,,2025-Q4,,142.2728,,A,,0,,2015,,0,
